id,authors_long,author
17,"cannon, ellie",e. cannon
17,"copenhaver-parry, paige e.",p. copenhaver-parry
18,"betts, matthew g.",m. betts
18,"frey, sarah j. k.",s. frey
18,"hadley, adam s.",a. hadley
20,"barnhart, theodore b.",t. barnhart
20,"harpold, adrian a.",a. harpold
20,"knowles, john f.",j. knowles
20,"livneh, ben",b. livneh
20,"molotch, noah p.",n. molotch
20,"schneider, dominik",d. schneider
23,"huggel, christian",c. huggel
23,"muccione, veruska",v. muccione
23,"salzmann, nadine",n. salzmann
24,"dhar, amalesh",a. dhar
24,"hawkins, christopher d. b.",c. hawkins
24,"parrott, lael",l. parrott
27,"cooper, matthew g.",m. cooper
27,"nolin, anne w.",a. nolin
27,"safeeq, mohammad",m. safeeq
30,"dhar, amalesh",a. dhar
30,"heckbert, scott",s. heckbert
30,"parrott, lael",l. parrott
42,"hogue, terri s.",t. hogue
42,"mccray, john e.",j. mccray
42,"porter, aaron t.",a. porter
42,"slinski, kimberly m.",k. slinski
43,"kumar, sunil",s. kumar
43,"laituri, melinda",m. laituri
43,"sibold, jason s.",j. sibold
43,"sidder, aaron m.",a. sidder
45,"bish, james c.",j. bish
45,"hotaling, scott",s. hotaling
45,"tronstad, lusha m.",l. tronstad
48,"forster, richard r.",r. forster
48,"selkowitz, david j.",d. selkowitz
49,"bentz, barbara j.",b. bentz
49,"duncan, jacob p.",j. duncan
49,"powell, james a.",j. powell
53,"maneta, m. p.",m. maneta
53,"silverman, n. l.",n. silverman
60,"kochanski, adam",a. kochanski
60,"scalzitti, jason",j. scalzitti
60,"strong, courtenay",c. strong
62,"friele, pierre a.",p. friele
62,"moore, r. dan",r. moore
62,"paige, kathy",k. paige
68,"dery, stephen j.",s. dery
68,"sharma, aseem raj",a. sharma
70,"adam, jennifer c.",j. adam
70,"barber, michael e.",m. barber
70,"cherkauer, keith a.",k. cherkauer
70,"gould, gregory k.",g. gould
70,"liu, mingliang",m. liu
70,"robichaud, peter r.",p. robichaud
77,"betts, matthew g.",m. betts
77,"frey, sarah j. k.",s. frey
77,"hadley, adam s.",a. hadley
77,"johnson, sherri l.",s. johnson
77,"jones, julia a.",j. jones
77,"schulze, mark",m. schulze
81,"campbell, john l.",j. campbell
81,"keeton, william s.",w. keeton
81,"kennedy, robert e.",r. kennedy
81,"meigs, garrett w.",g. meigs
81,"zald, harold s. j.",h. zald
83,"hicke, jeffrey a.",j. hicke
83,"kolden, crystal a.",c. kolden
83,"meddens, arjan j. h.",a. meddens
85,"lamb, clayton t.",c. lamb
85,"robson, kelsey m.",k. robson
85,"russello, michael a.",m. russello
90,"hyde, kevin d.",k. hyde
90,"jencso, kelsey",k. jencso
90,"wilcox, andrew c.",a. wilcox
90,"woods, scott",s. woods
91,"arora, vivek k.",v. arora
91,"fyfe, john c.",j. fyfe
91,"hawkins, barbara",b. hawkins
91,"kurz, werner a.",w. kurz
91,"peng, yiran",y. peng
91,"werner, arelia t.",a. werner
93,"bailey, vanessa",v. bailey
93,"bolton, harvey",h. bolton
93,"bond-lamberty, ben",b. bond-lamberty
93,"fansler, sarah",s. fansler
93,"heredia-langner, alejandro",a. heredia-langner
93,"liu, chongxuan",c. liu
93,"mccue, lee ann",l. mccue
93,"smith, jeffrey",j. smith
95,"halofsky, jessica e.",j. halofsky
95,"peterson, david l.",d. peterson
97,"barge, edward",e. barge
97,"hansen, andrew",a. hansen
97,"ireland, kathryn",k. ireland
97,"jenkins, martha",m. jenkins
97,"keane, robert",r. keane
97,"legg, kristin",k. legg
97,"pillet, michiel",m. pillet
99,"ajami, hoori",h. ajami
99,"allen, diana m.",d. allen
99,"blasch, kyle w.",k. blasch
99,"brookfield, andrea e.",a. brookfield
99,"castro, christopher l.",c. castro
99,"clark, jordan f.",j. clark
99,"flints, alan l.",a. flints
99,"gochis, david j.",d. gochis
99,"manning, andrew h.",a. manning
99,"meixner, thomas",t. meixner
99,"neff, kirstin l.",k. neff
99,"niraula, rewati",r. niraula
99,"rodell, matthew",m. rodell
99,"scanlon, bridget r.",b. scanlon
99,"singha, kamini",k. singha
99,"stonestrom, david a.",d. stonestrom
99,"walvoord, michelle a.",m. walvoord
103,"ba, aisha",a. ba
103,"hansen, winslow d.",w. hansen
103,"romme, william h.",w. romme
103,"turner, monica g.",m. turner
104,"hale, v. cody",v. hale
104,"mcdonnell, jeffrey j.",j. mcdonnell
105,"bell, david m.",d. bell
105,"cohen, warren b.",w. cohen
105,"mildrexler, david",d. mildrexler
105,"yang, zhiqiang",z. yang
106,"churchill, derek j.",d. churchill
106,"clyatt, kate a.",k. clyatt
106,"crotteau, justin s.",j. crotteau
106,"kelley, harold",h. kelley
106,"larson, andrew j.",a. larson
106,"schaedel, michael s.",m. schaedel
106,"wiggins, haley l.",h. wiggins
115,"jamieson, bruce",b. jamieson
115,"maes, marc a.",m. maes
115,"sinickas, alexandra",a. sinickas
118,"ficklin, darren l.",d. ficklin
118,"letsinger, sally l.",s. letsinger
118,"maurer, edwin p.",e. maurer
118,"stewart, iris t.",i. stewart
119,"armatas, christopher a.",c. armatas
119,"carver, steve j.",s. carver
119,"mcbride, brooke b.",b. mcbride
119,"venn, tyron j.",t. venn
119,"watson, alan e.",a. watson
120,"bloom, trevor d.",t. bloom
120,"medler, michael j.",m. medler
120,"o'leary, donal s., iii",d. o'leary
120,"smith, jacob c.",j. smith
120,"zemp, christopher r.",c. zemp
126,"corbett, l. j.",l. corbett
126,"lantz, v. a.",v. lantz
126,"ochuodho, t. o.",t. ochuodho
126,"withey, p.",p. withey
128,"chappelka, a. h.",a. chappelka
128,"grulke, n. e.",n. grulke
132,"carolan, michael",m. carolan
132,"stuart, diana",d. stuart
135,"bellaire, sascha",s. bellaire
135,"goodrich, jeff",j. goodrich
135,"jamieson, bruce",b. jamieson
135,"statham, grant",g. statham
135,"thumlert, scott",s. thumlert
137,"burke, jordan l.",j. burke
137,"carroll, allan l.",a. carroll
138,"lapo, karl",k. lapo
138,"lundquist, jessica d.",j. lundquist
138,"raleigh, mark s.",m. raleigh
139,"grant, gordon e.",g. grant
139,"lewis, sarah l.",s. lewis
139,"safeeq, mohammad",m. safeeq
139,"staab, brian",b. staab
141,"ferschweiler, k.",k. ferschweiler
141,"let, d. bache",d. let
141,"sheehan, t.",t. sheehan
142,"dymond, caren c.",c. dymond
142,"hopkins, katherine",k. hopkins
142,"mccallion, katharine",k. mccallion
142,"sandland, james",j. sandland
142,"spittlehouse, david l.",d. spittlehouse
142,"tedder, sinclair",s. tedder
149,"hauer, f. r.",f. hauer
149,"kleindl, w. j.",w. kleindl
149,"marshall, l. a.",l. marshall
149,"rains, m. c.",m. rains
150,"chen, youhua",y. chen
150,"nielsen, scott e.",s. nielsen
150,"stolar, jessica",j. stolar
150,"thuiller, wilfried",w. thuiller
150,"zhang, jian",j. zhang
153,"aplet, gregory h.",g. aplet
153,"belote, r. travis",r. belote
153,"bisson, peter a.",p. bisson
153,"churchill, derek j.",d. churchill
153,"gaines, william l.",w. gaines
153,"haugo, ryan d.",r. haugo
153,"hessburg, paul f.",p. hessburg
153,"keane, robert e.",r. keane
153,"larson, andrew j.",a. larson
153,"miller, carol",c. miller
153,"morgan, penelope",p. morgan
153,"north, malcolm p.",m. north
153,"povak, nicholas a.",n. povak
153,"reeves, gordon h.",g. reeves
153,"rieman, bruce e.",b. rieman
153,"salter, r. brion",r. salter
153,"singleton, peter h.",p. singleton
153,"spies, thomas a.",t. spies
153,"stephens, scott l.",s. stephens
168,"allen, craig d.",c. allen
168,"anderegg, william r. l.",w. anderegg
168,"aukema, juliann",j. aukema
168,"bentz, barbara",b. bentz
168,"fisher, rosie a.",r. fisher
168,"hicke, jeffrey a.",j. hicke
168,"hood, sharon",s. hood
168,"lichstein, jeremy w.",j. lichstein
168,"macalady, alison k.",a. macalady
168,"mcdowell, nate",n. mcdowell
168,"pan, yude",y. pan
168,"raffa, kenneth",k. raffa
168,"sala, anna",a. sala
168,"shaw, john d.",j. shaw
168,"stephenson, nathan l.",n. stephenson
168,"tague, christina",c. tague
168,"zeppel, melanie",m. zeppel
169,"hough-snee, n.",n. hough-snee
169,"lokteff, r. l.",r. lokteff
169,"roper, b. b.",b. roper
169,"wheaton, j. m.",j. wheaton
174,"law, b. e.",b. law
174,"waring, r. h.",r. waring
175,"beechie, timothy j.",t. beechie
175,"ebersole, joseph l.",j. ebersole
175,"faux, russell n.",r. faux
175,"fullerton, aimee h.",a. fullerton
175,"lawler, joshua j.",j. lawler
175,"leibowitz, scott g.",s. leibowitz
175,"steel, e. ashley",e. steel
175,"torgersen, christian e.",c. torgersen
177,"bartlein, patrick j.",p. bartlein
177,"gray, elizabeth m.",e. gray
177,"pelltier, richard t.",r. pelltier
177,"shafer, sarah l.",s. shafer
178,"harpold, adrian a.",a. harpold
178,"molotch, noah p.",n. molotch
181,"beever, erik a.",e. beever
181,"otto, hans w.",h. otto
181,"wilson, james a.",j. wilson
182,"peek, james m.",j. peek
186,"hough-snee, nate",n. hough-snee
186,"laub, brian g.",b. laub
186,"long, a. lexine",a. long
186,"merritt, david m.",d. merritt
186,"nackley, lloyd l.",l. nackley
186,"roper, brett b.",b. roper
186,"wheaton, joseph m.",j. wheaton
194,"andersen, kelly m.",k. andersen
194,"endress, bryan a.",b. endress
194,"naylor, bridgett j.",b. naylor
194,"parks, catherine g.",c. parks
195,"cushman, samuel a.",s. cushman
195,"mcrae, brad h.",b. mcrae
195,"parks, leslie c.",l. parks
195,"wallin, david o.",d. wallin
198,"praskievicz, sarah",s. praskievicz
201,"jennings, keith",k. jennings
201,"jones, julia a.",j. jones
202,"carisio, sebastian",s. carisio
202,"hanson, brian",b. hanson
202,"o'neal, michael a.",m. o'neal
202,"satinsky, ashley",a. satinsky
206,"lavkulich, les m.",l. lavkulich
206,"roussin, rachael",r. roussin
206,"utzig, gregory",g. utzig
206,"wilson, julie e.",j. wilson
210,"marks, danny g.",d. marks
210,"pomeroy, john w.",j. pomeroy
210,"rasouli, kabir",k. rasouli
211,"arismendi, ivan",i. arismendi
211,"bilby, robert e.",r. bilby
211,"dunham, jason b.",j. dunham
211,"johnson, sherri l.",s. johnson
211,"penaluna, brooke e.",b. penaluna
211,"railsback, steve f.",s. railsback
211,"safeeq, mohammad",m. safeeq
211,"skaugset, arne e.",a. skaugset
215,"gunderson, aren m.",a. gunderson
215,"kerhoulas, nicholas j.",n. kerhoulas
215,"olson, link e.",l. olson
222,"jorgensen, carl l.",c. jorgensen
222,"perkins, dana l.",d. perkins
222,"rinella, matthew j.",m. rinella
224,"collatz, g. james",g. collatz
224,"ghimire, bardan",b. ghimire
224,"kulakowski, dominik",d. kulakowski
224,"masek, jeffrey g.",j. masek
224,"rogan, john",j. rogan
224,"vanderhoof, melanie",m. vanderhoof
224,"williams, christopher a.",c. williams
228,"abatzoglou, john t.",j. abatzoglou
228,"dobrowski, solomon z.",s. dobrowski
228,"gavin, daniel g.",d. gavin
228,"holden, zachary a.",z. holden
228,"safford, hugh d.",h. safford
228,"schwartz, mike k.",m. schwartz
228,"swanson, alan k.",a. swanson
231,"duncan, jacob p.",j. duncan
231,"eason, joseph",j. eason
231,"gordillo, luis f.",l. gordillo
231,"powell, james a.",j. powell
232,"abatzoglou, john t.",j. abatzoglou
232,"bean, alycia",a. bean
232,"blades, jarod",j. blades
232,"clark, melissa a.",m. clark
232,"dodd, megan",m. dodd
232,"hall, troy e.",t. hall
232,"haruch, amanda",a. haruch
232,"higuera, philip e.",p. higuera
232,"holbrook, joseph d.",j. holbrook
232,"jansen, vincent s.",v. jansen
232,"kemp, kerry",k. kemp
232,"klos, p. zion",p. klos
232,"lankford, amber",a. lankford
232,"link, timothy e.",t. link
232,"magney, troy",t. magney
232,"meddens, arjan j. h.",a. meddens
232,"mitchell, liza",l. mitchell
232,"moore, brandon",b. moore
232,"morgan, penelope",p. morgan
232,"newingham, beth a.",b. newingham
232,"niemeyer, ryan j.",r. niemeyer
232,"soderquist, ben",b. soderquist
232,"suazo, alexis a.",a. suazo
232,"vierling, kerri t.",k. vierling
232,"walden, von",v. walden
232,"walsh, chelsea",c. walsh
233,"adams, susan b.",s. adams
233,"neely, david a.",d. neely
233,"schmetterling, david a.",d. schmetterling
238,"al-chokhachy, robert",r. al-chokhachy
238,"dehaan, patrick w.",p. dehaan
238,"hand, brian k.",b. hand
238,"kovach, ryan p.",r. kovach
238,"luikart, gordon",g. luikart
238,"muhlfeld, clint c.",c. muhlfeld
238,"wade, alisa a.",a. wade
238,"whited, diane c.",d. whited
239,"groce, matthew c.",m. groce
239,"horan, dona l.",d. horan
239,"isaak, daniel j.",d. isaak
239,"nagel, david e.",d. nagel
239,"young, michael k.",m. young
241,"kostadinov, tihomir sabinov",t. kostadinov
241,"lookingbill, todd r.",t. lookingbill
242,"ayres, matthew p.",m. ayres
242,"bentz, barbara j.",b. bentz
242,"holmes, thomas p.",t. holmes
242,"weed, aaron s.",a. weed
243,"melton, joe r.",j. melton
243,"merryfield, william j.",w. merryfield
243,"sospedra-alfonso, reinel",r. sospedra-alfonso
244,"delcurto, t.",t. delcurto
244,"roever, c. l.",c. roever
244,"rowland, m.",m. rowland
244,"vavra, m.",m. vavra
244,"wisdom, m.",m. wisdom
254,"geiser, linda h.",l. geiser
254,"jovan, sarah",s. jovan
254,"neitlich, peter",p. neitlich
254,"root, heather t.",h. root
255,"malanson, george p.",g. malanson
255,"walsh, stephen j.",s. walsh
255,"weiss, daniel j.",d. weiss
260,"hillerislambers, janneke",j. hillerislambers
260,"kroiss, steve j.",s. kroiss
261,"anslow, faron s.",f. anslow
261,"clarke, garry k. c.",g. clarke
261,"jarosch, alexander h.",a. jarosch
261,"menounos, brian",b. menounos
261,"radic, valentina",v. radic
263,"hamlet, a. f.",a. hamlet
263,"lauver, c.",c. lauver
263,"raymond, c. l.",c. raymond
263,"rochefort, r. m.",r. rochefort
263,"strauch, r. l.",r. strauch
265,"beauchamp, david a.",d. beauchamp
265,"lawrence, david j.",d. lawrence
265,"olden, julian d.",j. olden
268,"meyer, grant a.",g. meyer
268,"pierce, jennifer",j. pierce
268,"riley, kerry",k. riley
273,"oke, oluwatobi a.",o. oke
273,"thompson, ken a.",k. thompson
274,"dunk, jeffrey r.",j. dunk
274,"graham, james j.",j. graham
274,"lau, matthew j.",m. lau
274,"schlexer, fredrick v.",f. schlexer
274,"zielinski, william j.",w. zielinski
282,"crosby, benjamin t.",b. crosby
282,"godsey, sarah e.",s. godsey
282,"tennant, christopher j.",c. tennant
285,"fritz, sherilyn c.",s. fritz
285,"krause, teresa r.",t. krause
285,"lu, yanbin",y. lu
285,"pierce, kenneth l.",k. pierce
285,"whitlock, cathy",c. whitlock
297,"boll, j.",j. boll
297,"brooks, e. s.",e. brooks
297,"elliot, w. j.",w. elliot
297,"gazel, e.",e. gazel
297,"sanchez-murillo, r.",r. sanchez-murillo
298,"anderson, cort l.",c. anderson
298,"ott, todd m.",t. ott
298,"strand, eva k.",e. strand
302,"abatzoglou, j. t.",j. abatzoglou
302,"hegewisch, k. c.",k. hegewisch
302,"lute, a. c.",a. lute
307,"chen, huapeng",h. chen
307,"jackson, peter l.",p. jackson
307,"ott, peter k.",p. ott
307,"spittlehouse, david l.",d. spittlehouse
308,"geiser, linda h.",l. geiser
308,"mcmurray, jill a.",j. mcmurray
308,"roberts, david w.",d. roberts
309,"ballantyne, ashley p.",a. ballantyne
309,"dobrowski, solomon z.",s. dobrowski
309,"klene, anna e.",a. klene
309,"oyler, jared w.",j. oyler
309,"running, steven w.",s. running
310,"healey, sean",s. healey
310,"patterson, paul",p. patterson
310,"peduzzi, alicia",a. peduzzi
310,"raymond, crystal l.",c. raymond
311,"acker, steven a.",s. acker
311,"bivin, mignonne",m. bivin
311,"boetsch, john r.",j. boetsch
311,"cole, carla",c. cole
311,"philippi, tom",t. philippi
311,"whiteaker, lou",l. whiteaker
313,"barbier, nicolas",n. barbier
322,"famiglietti, j. s.",j. famiglietti
322,"leibowitz, s. g.",s. leibowitz
322,"patil, s. d.",s. patil
322,"reager, j. t.",j. reager
322,"sproles, e. a.",e. sproles
322,"wigington, p. j., jr.",p. wigington
323,"blades, jarod j.",j. blades
323,"force, jo ellen",j. force
323,"hall, troy e.",t. hall
323,"kemp, kerry b.",k. kemp
323,"klos, p. zion",p. klos
323,"morgan, penelope",p. morgan
323,"tinkham, wade t.",w. tinkham
324,"higuchi, kaz",k. higuchi
324,"joncas, fiona",f. joncas
327,"carim, kellie",k. carim
327,"eby, lisa",l. eby
327,"pierce, ron",r. pierce
332,"richardson, bryce a.",b. richardson
332,"still, shannon m.",s. still
340,"daub, markus",m. daub
340,"jauss, verena",v. jauss
340,"johnson, mark",m. johnson
340,"krull, evelyn",e. krull
340,"lehmann, johannes",j. lehmann
341,"du, enhao",e. du
341,"gravelle, john a.",j. gravelle
341,"hubbart, jason a.",j. hubbart
341,"link, timothy e.",t. link
346,"holden, zachary",z. holden
346,"lopez-burgos, viviana",v. lopez-burgos
346,"luce, charles h.",c. luce
347,"adams, richard m.",r. adams
347,"lowe, scott e.",s. lowe
347,"xu, wenchao",w. xu
352,"carstensen, laurence w.",l. carstensen
352,"malanson, george p.",g. malanson
352,"prisley, stephen p.",s. prisley
352,"resler, lynn m.",l. resler
352,"smith-mckenna, emily k.",e. smith-mckenna
352,"tomback, diana f.",d. tomback
357,"grant, gordon e.",g. grant
357,"kennard, paul",p. kennard
357,"legg, nicholas t.",n. legg
357,"meigs, andrew j.",a. meigs
375,"dymond, caren c.",c. dymond
375,"hopkins, katherine",k. hopkins
375,"mccallion, katharine",k. mccallion
375,"raymer, brian",b. raymer
375,"sandland, james",j. sandland
375,"spittlehouse, david l.",d. spittlehouse
375,"tedder, sinclair",s. tedder
381,"horan, dona l.",d. horan
381,"peterson, douglas p.",d. peterson
381,"rieman, bruce e.",b. rieman
381,"young, michael k.",m. young
387,"bartlein, patrick",p. bartlein
387,"praskievicz, sarah",s. praskievicz
391,"fredeen, arthur l.",a. fredeen
391,"klopp, wyatt s.",w. klopp
392,"bull, gary",g. bull
392,"gelinas, nancy",n. gelinas
392,"nilausen, chelsea",c. nilausen
395,"guralnick, robert p.",r. guralnick
395,"jetz, walter",w. jetz
395,"mcgill, brian",b. mcgill
395,"parmentier, benoit",b. parmentier
395,"regetz, james",j. regetz
395,"robinson, natalie",n. robinson
395,"schildhauer, mark",m. schildhauer
395,"tuanmu, mao-ning",m. tuanmu
395,"wilson, adam m.",a. wilson
396,"dozier, andre q.",a. dozier
396,"furey, peter r.",p. furey
396,"kampf, stephanie k.",s. kampf
396,"lanini, jordan s.",j. lanini
401,"highland, steven a.",s. highland
401,"jones, julia a.",j. jones
403,"dearing, m. denise",m. dearing
403,"varner, johanna",j. varner
406,"bright, benjamin c.",b. bright
406,"hudak, andrew t.",a. hudak
406,"kennedy, robert e.",r. kennedy
406,"meddens, arjan j. h.",a. meddens
410,"bowyer, r. terry",r. bowyer
410,"kie, john g.",j. kie
410,"long, ryan a.",r. long
410,"mathewson, paul",p. mathewson
410,"monteith, kevin l.",k. monteith
410,"porter, warren p.",w. porter
419,"bohlmann, joerg",j. bohlmann
419,"boone, celia k.",c. boone
419,"coltman, david w.",d. coltman
419,"cooke, janice e. k.",j. cooke
419,"huber, dezene p. w.",d. huber
419,"janes, jasmine k.",j. janes
419,"keeling, christopher i.",c. keeling
419,"li, yisu",y. li
419,"murray, brent w.",b. murray
419,"sperling, felix a. h.",f. sperling
419,"yuen, macaire m. s.",m. yuen
423,"cansler, c. alina",c. cansler
423,"mckenzie, donald",d. mckenzie
425,"nielsen, scott e.",s. nielsen
425,"roberts, david r.",d. roberts
425,"stenhouse, gordon b.",g. stenhouse
431,"eby, lisa a.",l. eby
431,"helmy, olga",o. helmy
431,"holsinger, lisa m.",l. holsinger
431,"young, michael k.",m. young
435,"hansen, e. matthew",e. hansen
446,"chipman, kathryn g.",k. chipman
446,"resler, lynn m.",l. resler
446,"smith-mckenna, emily k.",e. smith-mckenna
446,"smith, cyndi m.",c. smith
446,"tomback, diana f.",d. tomback
447,"eby, lisa",l. eby
447,"holsinger, lisa",l. holsinger
447,"isaak, daniel j.",d. isaak
447,"keane, robert e.",r. keane
447,"young, michael k.",m. young
451,"bell, david m.",d. bell
451,"bradford, john b.",j. bradford
451,"lauenroth, william k.",w. lauenroth
455,"roe, gerard",g. roe
455,"siler, nicholas",n. siler
459,"abatzoglou, j. t.",j. abatzoglou
459,"lute, a. c.",a. lute
461,"isaak, dan",d. isaak
461,"kramer, marc",m. kramer
461,"luce, charles",c. luce
461,"mcconnell, callie",c. mcconnell
461,"staab, brian",b. staab
461,"wenger, seth",s. wenger
466,"chen, huapeng",h. chen
476,"coopersmith, e. j.",e. coopersmith
476,"minsker, b. s.",b. minsker
476,"sivapalan, m.",m. sivapalan
484,"doesken, nolan",n. doesken
484,"elder, kelly",k. elder
484,"hoover, jamie d.",j. hoover
484,"laituri, melinda",m. laituri
484,"liston, glen e.",g. liston
486,"alfaro, rene i.",r. alfaro
486,"axelson, jodi",j. axelson
486,"berg, jenny",j. berg
489,"dearing, m. denise",m. dearing
489,"varner, johanna",j. varner
491,"bentz, barbara j.",b. bentz
491,"powell, james a.",j. powell
495,"garton, edward o.",e. garton
495,"meyer, kevin a.",k. meyer
495,"schill, daniel j.",d. schill
496,"enache, mihaela",m. enache
496,"foreman, james r.",j. foreman
496,"moran, patrick w.",p. moran
496,"sheibley, richard w.",r. sheibley
496,"swarzenski, peter w.",p. swarzenski
501,"bell, david m.",d. bell
501,"bradford, john b.",j. bradford
501,"lauenroth, william k.",w. lauenroth
505,"buotte, polly c.",p. buotte
505,"creeden, eric p.",e. creeden
505,"hicke, jeffrey a.",j. hicke
507,"clason, alana j.",a. clason
507,"haeussler, sybille",s. haeussler
507,"macdonald, s. ellen",s. macdonald
508,"dahlke, helen e.",h. dahlke
508,"fleming, sean w.",s. fleming
513,"barnhart, b. l.",b. barnhart
513,"ficklin, d. l.",d. ficklin
513,"knouft, j. h.",j. knouft
513,"letsinger, s. l.",s. letsinger
513,"maurer, e. p.",e. maurer
513,"stewart, i. t.",i. stewart
513,"whittaker, g. w.",g. whittaker
515,"comeleo, r. l.",r. comeleo
515,"ebersole, j. l.",j. ebersole
515,"leibowitz, s. g.",s. leibowitz
515,"morefield, p. e.",p. morefield
515,"sproles, e. a.",e. sproles
515,"weaver, c. p.",c. weaver
515,"wigington, p. j., jr.",p. wigington
518,"loukas, a.",a. loukas
518,"vasiliades, l.",l. vasiliades
519,"ayres, matthew p.",m. ayres
519,"band, lawrence e.",l. band
519,"hicke, jeffrey a.",j. hicke
519,"kerns, becky k.",b. kerns
519,"littell, jeremy s.",j. littell
519,"luce, charles h.",c. luce
519,"mckenzie, don",d. mckenzie
519,"raymond, crystal l.",c. raymond
519,"weed, aaron s.",a. weed
521,"adam, j. c.",j. adam
521,"choate, j.",j. choate
521,"chung, s. h.",s. chung
521,"guenther, a.",a. guenther
521,"harrison, j.",j. harrison
521,"jiang, x.",x. jiang
521,"liu, m.",m. liu
521,"miller, c.",c. miller
521,"nergui, t.",t. nergui
521,"rajagopalan, k.",k. rajagopalan
521,"reyes, j.",j. reyes
521,"salathe, e. p.",e. salathe
521,"stoeckle, c. o.",c. stoeckle
521,"tague, c.",c. tague
527,"albrecht, nathan m.",n. albrecht
527,"cushman, samuel a.",s. cushman
527,"olson, lucretia e.",l. olson
527,"sauder, joel d.",j. sauder
527,"schwartz, michael k.",m. schwartz
527,"vinkey, ray s.",r. vinkey
534,"kurz, werner a.",w. kurz
534,"li, qinglin",q. li
534,"pellatt, marlow g.",m. pellatt
534,"sharma, tara",t. sharma
534,"stinson, graham",g. stinson
536,"johnson, edward a.",e. johnson
536,"mori, akira s.",a. mori
537,"abatzoglou, j. t.",j. abatzoglou
537,"holden, z. a.",z. holden
537,"luce, c. h.",c. luce
546,"neupane, sagar",s. neupane
546,"yager, elowyn m.",e. yager
550,"albright, whitney l.",w. albright
550,"peterson, david l.",d. peterson
552,"betancourt, julio l.",j. betancourt
552,"mccabe, gregory j.",g. mccabe
552,"pederson, gregory t.",g. pederson
552,"schwartz, mark d.",m. schwartz
553,"bian, xindi",x. bian
553,"heilman, warren e.",w. heilman
553,"luo, lifeng",l. luo
553,"tang, ying",y. tang
553,"zhong, shiyuan",s. zhong
563,"highland, steven a.",s. highland
563,"jones, julia a.",j. jones
563,"miller, jeffrey c.",j. miller
568,"beechie, t.",t. beechie
568,"greene, j.",j. greene
568,"imaki, h.",h. imaki
568,"kiffney, p.",p. kiffney
568,"kimball, j.",j. kimball
568,"mantua, n.",n. mantua
568,"pess, g.",g. pess
568,"roni, p.",p. roni
568,"stanford, j.",j. stanford
568,"wade, a.",a. wade
568,"wu, h.",h. wu
571,"kaplan, jed o.",j. kaplan
571,"logan, jennifer a.",j. logan
571,"mickley, loretta j.",l. mickley
571,"yue, xu",x. yue
575,"gleason, kelly e.",k. gleason
575,"nolin, anne w.",a. nolin
575,"roth, travis r.",t. roth
577,"mckean, jim",j. mckean
577,"tonina, daniele",d. tonina
580,"betancourt, julio l.",j. betancourt
580,"pierce, jennifer l.",j. pierce
580,"weppner, kerrie n.",k. weppner
586,"anderson, james j.",j. anderson
586,"beer, w. nicholas",w. beer
593,"baxter, c. v.",c. baxter
593,"crosby, b. t.",b. crosby
593,"davis, j. m.",j. davis
593,"pierce, j. l.",j. pierce
593,"rosi-marshall, e. j.",e. rosi-marshall
596,"bond, nicholas a.",n. bond
596,"bumbaco, karin a.",k. bumbaco
596,"dello, kathie d.",k. dello
602,"arismendi, ivan",i. arismendi
602,"dunham, jason b.",j. dunham
602,"haggerty, roy",r. haggerty
602,"johnson, sherri l.",s. johnson
602,"safeeq, mohammad",m. safeeq
603,"ettinger, ailene k.",a. ettinger
603,"ford, kevin r.",k. ford
603,"lambers, janneke hille ris",j. lambers
603,"lundquist, jessica d.",j. lundquist
603,"raleigh, mark s.",m. raleigh
609,"cayan, daniel r.",d. cayan
609,"pierce, david w.",d. pierce
611,"al-chokhachy, robert",r. al-chokhachy
611,"archer, eric",e. archer
611,"ray, andrew m.",a. ray
611,"roper, brett b.",b. roper
612,"henry, philippe",p. henry
612,"lamb, clayton t.",c. lamb
612,"lemay, matthew a.",m. lemay
612,"robson, kelsey m.",k. robson
612,"russello, michael a.",m. russello
613,"cameron, ian r.",i. cameron
613,"cleary, michelle r.",m. cleary
613,"vyse, alan",a. vyse
614,"al-chokhachy, robert",r. al-chokhachy
614,"isaak, daniel j.",d. isaak
614,"kershner, jeffrey l.",j. kershner
614,"wenger, seth j.",s. wenger
615,"brinkman, stephen f.",s. brinkman
615,"crockett, harry j.",h. crockett
615,"rogers, kevin b.",k. rogers
616,"bolton, susan m.",s. bolton
616,"gara, robert i.",r. gara
616,"kubo, joshua s.",j. kubo
616,"torgersen, christian e.",c. torgersen
616,"weekes, anne a.",a. weekes
621,"barrenetxea, guillermo",g. barrenetxea
621,"nicotina, ludovico",l. nicotina
621,"parlange, marc",m. parlange
621,"rinaldo, andrea",a. rinaldo
621,"schaefli, bettina",b. schaefli
621,"simoni, silvia",s. simoni
621,"smith, russell",r. smith
621,"tobin, cara",c. tobin
625,"chang, h.",h. chang
625,"gannett, m. w.",m. gannett
625,"hulbe, c. l.",c. hulbe
625,"waibel, m. s.",m. waibel
629,"maguire, douglas a.",d. maguire
629,"oliver, william w.",w. oliver
629,"ritchie, martin w.",m. ritchie
629,"zhang, jianwei",j. zhang
632,"cushman, samuel a.",s. cushman
632,"landguth, erin l.",e. landguth
632,"littell, jeremy s.",j. littell
632,"shirk, andrew j.",a. shirk
632,"wasserman, tzeidle n.",t. wasserman
637,"ballamingie, patricia",p. ballamingie
637,"goemans, magdalene",m. goemans
639,"choate, janet s.",j. choate
639,"garcia, elizabeth s.",e. garcia
639,"tague, christina l.",c. tague
646,"smith, adam b.",a. smith
649,"buffington, john m.",j. buffington
649,"goode, jaime r.",j. goode
649,"isaak, daniel j.",d. isaak
649,"luce, charlie",c. luce
649,"nagel, david",d. nagel
649,"soulsby, chris",c. soulsby
649,"tetzlaff, doerthe",d. tetzlaff
649,"thurow, russell f.",r. thurow
649,"tonina, daniele",d. tonina
649,"wenger, seth",s. wenger
651,"beedlow, peter a.",p. beedlow
651,"burdick, connie a.",c. burdick
651,"lee, e. henry",e. lee
651,"tingey, david t.",d. tingey
651,"waschmann, ronald s.",r. waschmann
655,"comeleo, randy l.",r. comeleo
655,"ebersole, joseph l.",j. ebersole
655,"leibowitz, scott g.",s. leibowitz
655,"wigington, parker j., jr.",p. wigington
656,"alfaro, rene",r. alfaro
656,"flower, aquila",a. flower
656,"mehlenbacher, alan",a. mehlenbacher
656,"montenegro, alvaro",a. montenegro
656,"murdock, trevor q.",t. murdock
656,"spittlehouse, david l.",d. spittlehouse
656,"taylor, stephen w.",s. taylor
656,"zwiers, francis w.",f. zwiers
657,"fountain, andrew g.",a. fountain
657,"mccabe, gregory j.",g. mccabe
665,"alfaro, r. i.",r. alfaro
665,"brown, k. j.",k. brown
665,"flannigan, m. d.",m. flannigan
665,"fleming, r. a.",r. fleming
665,"girardin, m. p.",m. girardin
665,"hogg, e. h.",e. hogg
665,"johnston, m.",m. johnston
665,"lakusta, t.",t. lakusta
665,"mckenney, d. w.",d. mckenney
665,"pedlar, j. h.",j. pedlar
665,"price, david t.",d. price
665,"stratton, t.",t. stratton
665,"sturrock, r. n.",r. sturrock
665,"thompson, i. d.",i. thompson
665,"trofymow, j. a.",j. trofymow
665,"venier, l. a.",l. venier
668,"bush, andrew b. g.",a. bush
668,"pollock, edward w.",e. pollock
675,"menounos, brian",b. menounos
675,"tennant, christina",c. tennant
676,"eckstrand, h. d.",h. eckstrand
676,"schnorbus, m. a.",m. schnorbus
676,"shrestha, r. r.",r. shrestha
676,"werner, a. t.",a. werner
677,"elsner, marketa mcguire",m. elsner
677,"hamlet, alan f.",a. hamlet
677,"lee, se-yeun",s. lee
677,"mauger, guillaume s.",g. mauger
677,"norheim, robert a.",r. norheim
677,"tohver, ingrid",i. tohver
678,"hirose, j. m. r.",j. hirose
678,"marshall, s. j.",s. marshall
679,"hatcher, kendra l.",k. hatcher
679,"jones, julia a.",j. jones
685,"luckman, brian h.",b. luckman
685,"youngblut, donald k.",d. youngblut
687,"chen, s. -h.",s. chen
687,"harper, j. t.",j. harper
687,"maneta, m. p.",m. maneta
687,"silverman, n. l.",n. silverman
690,"gillies, cameron",c. gillies
690,"shepherd, brenda",b. shepherd
690,"smith, cyndi m.",c. smith
690,"stuart-smith, jon",j. stuart-smith
698,"barry, dwight",d. barry
698,"mcdonald, shea",s. mcdonald
700,"mayer, timothy d.",t. mayer
705,"coltman, david w.",d. coltman
705,"cooke, janice e. k.",j. cooke
705,"cullingham, catherine i.",c. cullingham
705,"james, patrick m. a.",p. james
706,"gregory, robin",r. gregory
706,"mcdaniels, timothy",t. mcdaniels
706,"mills, tamsin",t. mills
706,"ohlson, dan",d. ohlson
707,"olsen, keith",k. olsen
707,"pabst, robert j.",r. pabst
707,"rammer, werner",w. rammer
707,"seidl, rupert",r. seidl
707,"spies, thomas a.",t. spies
707,"steel, e. ashley",e. steel
711,"carnwath, gunnar c.",g. carnwath
711,"nelson, cara r.",c. nelson
711,"peterson, david w.",d. peterson
714,"anderegg, leander d. l.",l. anderegg
714,"anderegg, william r. l.",w. anderegg
714,"karp, daniel s.",d. karp
714,"sherman, clare",c. sherman
719,"ager, alan a.",a. ager
719,"hayes, jane l.",j. hayes
719,"hicke, jeffrey a.",j. hicke
719,"preisler, haiganoush k.",h. preisler
723,"beechie, t. j.",t. beechie
723,"imaki, h.",h. imaki
723,"kennard, m. j.",m. kennard
723,"konrad, c. p.",c. konrad
723,"liermann, c. a. reidy",c. liermann
723,"olden, j. d.",j. olden
723,"skidmore, p. b.",p. skidmore
727,"arrigoni, alicia s.",a. arrigoni
727,"moore, johnnie n.",j. moore
727,"wilcox, andrew c.",a. wilcox
728,"bright, b. c.",b. bright
728,"hicke, j. a.",j. hicke
728,"hudak, a. t.",a. hudak
729,"booth, d. terrance",d. booth
729,"cox, samuel",s. cox
729,"mealor, brian a.",b. mealor
732,"gatziolis, demetrios",d. gatziolis
732,"huso, manuela",m. huso
732,"spies, thomas a.",t. spies
732,"zald, harold s. j.",h. zald
735,"elliott, john e.",j. elliott
735,"elliott, kyle h.",k. elliott
735,"guigueno, melanie f.",m. guigueno
735,"levac, joshua",j. levac
735,"morrissey, christy a.",c. morrissey
735,"muir, derek c. g.",d. muir
735,"shaw, d. patrick",d. shaw
735,"wayland, mark",m. wayland
738,"bennett, katrina e.",k. bennett
738,"schnorbus, markus",m. schnorbus
738,"werner, arelia t.",a. werner
744,"crone, e.",e. crone
744,"mccaffery, r.",r. mccaffery
744,"solonen, a.",a. solonen
747,"cushman, samuel a.",s. cushman
747,"flather, curtis h.",c. flather
747,"landguth, erin l.",e. landguth
749,"aitken, sally n.",s. aitken
749,"campbell, elizabeth m.",e. campbell
749,"o'neill, gregory a.",g. o'neill
749,"wang, tongli",t. wang
750,"coops, nicholas c.",n. coops
750,"fitterer, jessica l.",j. fitterer
750,"nelson, trisalyn a.",t. nelson
750,"wulder, michael a.",m. wulder
757,"bluhm, a.",a. bluhm
757,"comeau, p. g.",p. comeau
757,"cortini, f.",f. cortini
757,"hibbs, d. e.",d. hibbs
757,"wang, t.",t. wang
761,"coombs, eric m.",e. coombs
761,"higgs, kimberley m.",k. higgs
761,"karacetin, evrim",e. karacetin
761,"mcevoy, peter b.",p. mcevoy
761,"starcevich, leigh ann",l. starcevich
771,"coops, nicholas c.",n. coops
771,"waring, richard h.",r. waring
771,"wulder, michael a.",m. wulder
774,"dozier, andre q.",a. dozier
774,"furey, peter r.",p. furey
774,"kampf, stephanie k.",s. kampf
774,"lanini, jordan s.",j. lanini
775,"bartell, nicholas v.",n. bartell
775,"coltman, david w.",d. coltman
775,"cooke, janice e. k.",j. cooke
775,"davis, corey s.",c. davis
775,"james, patrick m. a.",p. james
775,"lindgren, b. staffan",b. lindgren
775,"mock, karen e.",k. mock
775,"murray, brent w.",b. murray
775,"samarasekera, g. d. n. gayathri",g. samarasekera
779,"deluca, thomas h.",t. deluca
779,"harrar, solomon w.",s. harrar
779,"leppi, jason c.",j. leppi
779,"running, steven w.",s. running
790,"chang, heejun",h. chang
790,"jung, il won",i. jung
797,"brooks, j. renee",j. brooks
797,"comeleo, randy",r. comeleo
797,"coulombe, rob",r. coulombe
797,"phillips, donald l.",d. phillips
797,"wigington, parker j., jr.",p. wigington
798,"powell, erinn n.",e. powell
798,"raffa, kenneth f.",k. raffa
798,"simard, martin",m. simard
798,"turner, monica g.",m. turner
805,"yearsley, john",j. yearsley
809,"benkman, craig w.",c. benkman
809,"fetz, trevor",t. fetz
809,"santisteban, leonard",l. santisteban
809,"smith, julie w.",j. smith
810,"aukema, brian h.",b. aukema
810,"carroll, allan l.",a. carroll
810,"moore, r. dan",r. moore
810,"sambaraju, kishan r.",k. sambaraju
810,"stahl, kerstin",k. stahl
810,"zhu, jun",j. zhu
811,"nolin, anne w.",a. nolin
813,"grafius, darren r.",d. grafius
813,"malanson, george p.",g. malanson
813,"weiss, daniel",d. weiss
816,"buffington, john m.",j. buffington
816,"goode, jaime r.",j. goode
816,"luce, charles h.",c. luce
819,"cohen, stewart j.",s. cohen
819,"harma, kirsten j.",k. harma
819,"johnson, mark s.",m. johnson
821,"garton, edward o.",e. garton
821,"manning, jeffrey a.",j. manning
823,"cushman, s. a.",s. cushman
823,"landguth, e. l.",e. landguth
823,"littell, j. s.",j. littell
823,"shirk, a. s.",a. shirk
823,"wasserman, t. n.",t. wasserman
828,"clague, j. j.",j. clague
828,"menounos, b.",b. menounos
828,"tennant, c.",c. tennant
828,"wheate, r.",r. wheate
829,"franssen, w. h. p.",w. franssen
829,"haddeland, i.",i. haddeland
829,"kabat, p.",p. kabat
829,"lettenmaier, d. p.",d. lettenmaier
829,"ludwig, f.",f. ludwig
829,"van vliet, m. t. h.",v. van vliet
829,"yearsley, j. r.",j. yearsley
838,"cannon, alex j.",a. cannon
838,"neilsen, denise",d. neilsen
838,"taylor, bill",b. taylor
842,"chandler, d. g.",d. chandler
842,"marks, d.",d. marks
842,"nayak, a.",a. nayak
842,"winstral, a.",a. winstral
844,"bockino, nancy k.",n. bockino
844,"tinker, daniel b.",d. tinker
845,"allnutt, thomas f.",t. allnutt
845,"dellasala, dominick a.",d. dellasala
845,"kass, jamie",j. kass
845,"koopman, marni e.",m. koopman
845,"noss, reed f.",r. noss
845,"olson, david",d. olson
845,"strittholt, james r.",j. strittholt
851,"apps, clayton d.",c. apps
851,"barclay, robert m. r.",r. barclay
851,"boyce, mark s.",m. boyce
851,"ciarniello, lana m.",l. ciarniello
851,"gibeau, michael l.",m. gibeau
851,"haroldson, mark a.",m. haroldson
851,"kasworm, wayne f.",w. kasworm
851,"kendall, katherine c.",k. kendall
851,"lausen, cori l.",c. lausen
851,"mace, richard d.",r. mace
851,"mclellan, bruce n.",b. mclellan
851,"mowat, garth",g. mowat
851,"paetkau, david",d. paetkau
851,"proctor, michael f.",m. proctor
851,"schwartz, charles c.",c. schwartz
851,"servheen, christopher",c. servheen
851,"stenhouse, gordon b.",g. stenhouse
851,"strobeck, curtis",c. strobeck
851,"wakkinen, wayne l.",w. wakkinen
856,"cohen, warren b.",w. cohen
856,"kennedy, robert e.",r. kennedy
856,"meigs, garrett w.",g. meigs
858,"aishlin, p. s.",p. aishlin
858,"benner, s. g.",s. benner
858,"flores, a. n.",a. flores
858,"gribb, m. m.",m. gribb
858,"mcnamara, j. p.",j. mcnamara
858,"smith, t. j.",t. smith
863,"jackson, rebecca m.",r. jackson
863,"kashian, daniel m.",d. kashian
863,"lyons, heather d.",h. lyons
866,"clark, jason a.",j. clark
866,"keane, robert e.",r. keane
866,"loehman, rachel a.",r. loehman
868,"boyce, mark s.",m. boyce
868,"gresswell, robert",r. gresswell
868,"merrill, evelyn h.",e. merrill
868,"minshall, g. wayne",g. minshall
868,"romme, william h.",w. romme
868,"turner, monica g.",m. turner
868,"whitlock, cathy",c. whitlock
871,"haeberli, w.",w. haeberli
871,"huggel, c.",c. huggel
871,"kaitna, r.",r. kaitna
871,"schneider, d.",d. schneider
878,"buerger, g.",g. buerger
878,"schulla, j.",j. schulla
878,"werner, a. t.",a. werner
879,"kumar, mukesh",m. kumar
879,"link, timothy e.",t. link
879,"marks, danny",d. marks
879,"reba, michele l.",m. reba
879,"winstral, adam",a. winstral
880,"bigelow, sarah g.",s. bigelow
880,"hall, alexis a.",a. hall
880,"rood, stewart b.",s. rood
883,"cullen, rachel m.",r. cullen
883,"marshall, shawn j.",s. marshall
887,"franklin, jerry f.",j. franklin
887,"hessburg, paul f.",p. hessburg
887,"mccomb, brenda",b. mccomb
887,"perry, david a.",d. perry
887,"riegel, greg",g. riegel
887,"skinner, carl n.",c. skinner
887,"spies, thomas a.",t. spies
887,"stephens, scott l.",s. stephens
887,"taylor, alan henry",a. taylor
889,"jefferson, anne j.",a. jefferson
890,"romme, william h.",w. romme
890,"ryan, michael g.",m. ryan
890,"smithwick, erica a. h.",e. smithwick
890,"turner, monica g.",m. turner
890,"westerling, anthony l.",a. westerling
891,"hobbs, william o.",w. hobbs
891,"vinebrooke, rolf d.",r. vinebrooke
891,"wolfe, alexander p.",a. wolfe
895,"beier, clayton",c. beier
895,"coops, nicholas c.",n. coops
895,"roy-jauvin, raphael",r. roy-jauvin
895,"wang, tongli",t. wang
895,"waring, richard h.",r. waring
896,"betancourt, julio l.",j. betancourt
896,"fagre, daniel b.",d. fagre
896,"graumlich, lisa j.",l. graumlich
896,"gray, stephen t.",s. gray
896,"littell, jeremy s.",j. littell
896,"luckman, brian h.",b. luckman
896,"pederson, gregory t.",g. pederson
896,"watson, emma",e. watson
896,"woodhouse, connie a.",c. woodhouse
902,"chase, katherine j.",k. chase
902,"dudley, r. w.",r. dudley
902,"mastin, mark c.",m. mastin
905,"copeland, timothy",t. copeland
905,"meyer, kevin a.",k. meyer
906,"abatzoglou, john t.",j. abatzoglou
909,"ettinger, a. k.",a. ettinger
909,"ford, k. r.",k. ford
909,"hillerislambers, j.",j. hillerislambers
918,"daly, c.",c. daly
918,"lundquist, j.",j. lundquist
918,"pepin, n. c.",n. pepin
921,"boutin, s.",s. boutin
921,"cote, s.",s. cote
921,"festa-bianchet, m.",m. festa-bianchet
921,"gunn, a.",a. gunn
921,"ray, j. c.",j. ray
922,"cooke, barry j.",b. cooke
922,"macquarrie, chris j. k.",c. macquarrie
925,"coltman, david w.",d. coltman
925,"cooke, barry j.",b. cooke
925,"cooke, janice e. k.",j. cooke
925,"cullingham, catherine i.",c. cullingham
925,"dang, sophie",s. dang
925,"davis, corey s.",c. davis
936,"crimmins, michael a.",m. crimmins
936,"cushman, samuel a.",s. cushman
936,"holden, zachary a.",z. holden
936,"littell, jeremy s.",j. littell
940,"coops, nicholas c.",n. coops
940,"waring, richard h.",r. waring
942,"larson, evan r.",e. larson
946,"butler, david r.",d. butler
946,"whitesides, clayton j.",c. whitesides
955,"clancy, chris g.",c. clancy
955,"eby, lisa a.",l. eby
955,"jakober, mike",m. jakober
955,"mahlum, shad k.",s. mahlum
955,"young, michael k.",m. young
958,"davis, robert e.",r. davis
958,"hondula, david m.",d. hondula
964,"woods, alex",a. woods
966,"hicke, jeffrey a.",j. hicke
966,"meddens, arjan j. h.",a. meddens
966,"pfeifer, eric m.",e. pfeifer
970,"gresswell, robert e.",r. gresswell
971,"greenwood, mark c.",m. greenwood
971,"harper, joel",j. harper
971,"moore, johnnie",j. moore
976,"bakker, jonathan d.",j. bakker
976,"gonzalez, patrick",p. gonzalez
976,"gray, elizabeth m.",e. gray
976,"hall, sonia a.",s. hall
976,"haugo, ryan d.",r. haugo
991,"allen, d. m.",d. allen
991,"werner, a.",a. werner
991,"whitfield, p. h.",p. whitfield
1003,"allen, d. m.",d. allen
1003,"neilsen, d.",d. neilsen
1003,"smerdon, b. d.",b. smerdon
1004,"alexander, jake m.",j. alexander
1005,"conklin, david r.",d. conklin
1005,"daly, christopher",c. daly
1005,"unsworth, michael h.",m. unsworth
1008,"bentz, barbara j.",b. bentz
1008,"fettig, christopher j.",c. fettig
1008,"hansen, e. matthew",e. hansen
1008,"hayes, jane l.",j. hayes
1008,"hicke, jeffrey a.",j. hicke
1008,"kelsey, rick g.",r. kelsey
1008,"negron, jose f.",j. negron
1008,"regniere, jacques",j. regniere
1008,"seybold, steven j.",s. seybold
1010,"elsner, marketa m.",m. elsner
1010,"hicke, jeffrey a.",j. hicke
1010,"littell, jeremy s.",j. littell
1010,"lutz, james a.",j. lutz
1010,"mckenzie, donald",d. mckenzie
1010,"norheim, robert a.",r. norheim
1010,"oneil, elaine e.",e. oneil
1011,"cuo, lan",l. cuo
1011,"deems, jeffrey s.",j. deems
1011,"elsner, marketa m.",m. elsner
1011,"hamlet, alan f.",a. hamlet
1011,"lee, se-yeun",s. lee
1011,"lettenmaier, dennis p.",d. lettenmaier
1011,"mickelson, kristian e. b.",k. mickelson
1011,"vano, julie a.",j. vano
1011,"voisin, nathalie",n. voisin
1012,"elsner, marketa mcguire",m. elsner
1012,"hamlet, alan f.",a. hamlet
1012,"lettenmaier, dennis p.",d. lettenmaier
1012,"mickelson, kristian e. b.",k. mickelson
1012,"scott, michael j.",m. scott
1012,"stoeckle, claudio o.",c. stoeckle
1012,"vano, julie a.",j. vano
1012,"voisin, nathalie",n. voisin
1018,"powell, james a.",j. powell
1018,"yurk, brian p.",b. yurk
1021,"lundquist, jessica d.",j. lundquist
1021,"minder, justin r.",j. minder
1021,"mote, philip w.",p. mote
1024,"boisvenue, celine",c. boisvenue
1024,"running, steven w.",s. running
1025,"chandler, gwynne l.",g. chandler
1025,"horan, dona l.",d. horan
1025,"isaak, daniel j.",d. isaak
1025,"luce, charles h.",c. luce
1025,"nagel, david e.",d. nagel
1025,"parkes, sharon",s. parkes
1025,"peterson, erin e.",e. peterson
1025,"rieman, bruce e.",b. rieman
1027,"heineman, jean l.",j. heineman
1027,"mather, w. jean",w. mather
1027,"sachs, donald l.",d. sachs
1027,"simard, suzanne w.",s. simard
1028,"dymond, c. c.",c. dymond
1028,"kurz, w. a.",w. kurz
1028,"stinson, g.",g. stinson
1028,"titus, b. d.",b. titus
1032,"heineman, jean l.",j. heineman
1032,"mather, w. jean",w. mather
1032,"sachs, donald l.",d. sachs
1032,"simard, suzanne w.",s. simard
1036,"maxell, bryce a.",b. maxell
1036,"mccaffery, rebecca m.",r. mccaffery
1037,"nayak, anurag",a. nayak
1037,"sridhar, v.",v. sridhar
1044,"albright, mark d.",m. albright
1044,"mass, clifford f.",c. mass
1044,"stoelinga, mark t.",m. stoelinga
1045,"minder, justin r.",j. minder
1048,"cavender-bares, jeannine",j. cavender-bares
1048,"gugger, paul f.",p. gugger
1048,"sugita, shinya",s. sugita
1049,"birks, h. john b.",h. birks
1049,"hazewinkel, roderick r. o.",r. hazewinkel
1049,"hobbs, william o.",w. hobbs
1049,"perren, bianca b.",b. perren
1049,"saros, jasmine e.",j. saros
1049,"saulnier-talbot, emilie",e. saulnier-talbot
1049,"telford, richard j.",r. telford
1049,"wolfe, alexander p.",a. wolfe
1050,"ghan, steven j.",s. ghan
1050,"leung, l. ruby",l. leung
1050,"qian, yun",y. qian
1055,"hurteau, matthew d.",m. hurteau
1055,"wiedinmyer, christine",c. wiedinmyer
1057,"berger, w. h.",w. berger
1059,"cramer, wolfgang",w. cramer
1059,"flannigan, mike d.",m. flannigan
1059,"meyn, andrea",a. meyn
1059,"taylor, stephen w.",s. taylor
1059,"thonicke, kirsten",k. thonicke
1063,"adams, darius",d. adams
1063,"barrett, tara",t. barrett
1063,"latta, gregory",g. latta
1063,"temesgen, hailemariam",h. temesgen
1071,"agnew, kelly",k. agnew
1071,"galbreath, kurt e.",k. galbreath
1071,"hafner, david j.",d. hafner
1071,"zamudio, kelly r.",k. zamudio
1073,"green, d. scott",d. green
1073,"griesbauer, hardy p.",h. griesbauer
1073,"miyamoto, yumiko",y. miyamoto
1074,"bartlein, patrick j.",p. bartlein
1074,"shinker, jacqueline j.",j. shinker
1077,"wise, erika k.",e. wise
1082,"johnson, lm",l. johnson
1093,"burges, stephen j.",s. burges
1093,"fitzgerald, carolyn j.",c. fitzgerald
1093,"hamlet, alan f.",a. hamlet
1093,"lee, se-yeun",s. lee
1095,"flannigan, m. d.",m. flannigan
1095,"hudman, r. c.",r. hudman
1095,"logan, j. a.",j. logan
1095,"mickley, l. j.",l. mickley
1095,"spracklen, d. v.",d. spracklen
1095,"westerling, a. l.",a. westerling
1095,"yevich, r.",r. yevich
1096,"fortner, sarah k.",s. fortner
1096,"fountain, andrew g.",a. fountain
1096,"kehrwald, natalie m.",n. kehrwald
1096,"lyons, w. berry",w. lyons
1096,"welch, kathleen a.",k. welch
1100,"bussmann, rainer",r. bussmann
1100,"claessens, lieven",l. claessens
1100,"fisch, simey",s. fisch
1100,"lozano, pablo",p. lozano
1100,"negi, girish",g. negi
1100,"paolini, leonardo",l. paolini
1100,"poveda, german",g. poveda
1100,"ramos-scharron, carlos",c. ramos-scharron
1100,"restrepo, carla",c. restrepo
1100,"richter, michael",m. richter
1100,"shiels, aaron b.",a. shiels
1100,"velazquez, eduardo",e. velazquez
1100,"walker, lawrence r.",l. walker
1106,"jackson, scott i.",s. jackson
1106,"prowse, terry d.",t. prowse
1108,"huybers, kathleen",k. huybers
1108,"roe, gerard h.",g. roe
1109,"bala, g.",g. bala
1109,"barnett, t. p.",t. barnett
1109,"bonfils, c.",c. bonfils
1109,"cayan, d. r.",d. cayan
1109,"das, t.",t. das
1109,"dettinger, m. d.",m. dettinger
1109,"hidalgo, h. g.",h. hidalgo
1109,"mirin, a.",a. mirin
1109,"pierce, d. w.",d. pierce
1112,"simard, suzanne w.",s. simard
1113,"boots, barry",b. boots
1113,"jelinski, dennis e.",d. jelinski
1113,"nelson, trisalyn a.",t. nelson
1113,"robertson, colin",c. robertson
1113,"wulder, michael a.",m. wulder
1114,"grant, gordon e.",g. grant
1114,"tague, christina",c. tague
1115,"littell, jeremy s.",j. littell
1115,"mckenzie, donald",d. mckenzie
1115,"peterson, david l.",d. peterson
1115,"westerling, anthony l.",a. westerling
1117,"buonopane, michelle",m. buonopane
1117,"kerns, becky k.",b. kerns
1117,"naylor, bridgett j.",b. naylor
1117,"parks, catherine g.",c. parks
1117,"rogers, brendan",b. rogers
1120,"grafius, darren r.",d. grafius
1120,"malanson, george p.",g. malanson
1122,"bisson, peter a.",p. bisson
1122,"dunham, jason b.",j. dunham
1122,"reeves, gordon h.",g. reeves
1131,"bentz, barbara j.",b. bentz
1131,"powell, james a.",j. powell
1132,"meyer, grant",g. meyer
1132,"persico, lyman",l. persico
1136,"brown, ross d.",r. brown
1136,"mote, philip w.",p. mote
1139,"glavich, doug a.",d. glavich
1145,"goldstein, adam",a. goldstein
1145,"hanson, brian",b. hanson
1145,"leathers, daniel j.",d. leathers
1145,"o'neal, michael a.",m. o'neal
1153,"cross, aureal t.",a. cross
1153,"taggart, ralph e.",r. taggart
1157,"griffiths, r. p.",r. griffiths
1157,"madritch, m. d.",m. madritch
1157,"swanson, a. k.",a. swanson
1160,"thomson, alan j.",a. thomson
1164,"fleming, s. w.",s. fleming
1164,"fountain, a.",a. fountain
1164,"holm, k.",k. holm
1164,"jakob, m.",m. jakob
1164,"menounos, b.",b. menounos
1164,"moore, r. d.",r. moore
1164,"stahl, k.",k. stahl
1164,"wheate, r.",r. wheate
1166,"martin, deborah a.",d. martin
1166,"moody, john a.",j. moody
1179,"bala, govindasamy",g. bala
1179,"barnett, tim p.",t. barnett
1179,"bonfils, celine",c. bonfils
1179,"cayan, daniel r.",d. cayan
1179,"das, tapash",t. das
1179,"dettinger, michael d.",m. dettinger
1179,"hidalgo, hugo g.",h. hidalgo
1179,"mirin, art",a. mirin
1179,"nozawa, toru",t. nozawa
1179,"pierce, david w.",d. pierce
1179,"santer, benjamin d.",b. santer
1179,"wood, andrew w.",a. wood
1180,"pelto, mauri s.",m. pelto
1182,"gaertner, s.",s. gaertner
1182,"hessburg, p. f.",p. hessburg
1182,"hummel, s.",s. hummel
1182,"reynolds, k. m.",k. reynolds
1182,"twery, m.",m. twery
1184,"hadly, elizabeth a.",e. hadly
1184,"mcmenamin, sarah k.",s. mcmenamin
1184,"wright, christopher k.",c. wright
1194,"lajtha, kate",k. lajtha
1194,"mcdonnell, jeffrey j.",j. mcdonnell
1194,"van verseveld, willem j.",v. van verseveld
1195,"bentz, barbara j.",b. bentz
1195,"fettig, christopher j.",c. fettig
1195,"gillette, nancy",n. gillette
1195,"hansen, e. matthew",e. hansen
1195,"hays, jane l.",j. hays
1195,"kelsey, rick g.",r. kelsey
1195,"lundquist, john e.",j. lundquist
1195,"lynch, ann m.",a. lynch
1195,"negron, jose f.",j. negron
1195,"progar, robert a.",r. progar
1195,"seybold, steven j.",s. seybold
1197,"jacobs, karen",k. jacobs
1197,"whitlock, cathy",c. whitlock
1201,"brown, phil d.",p. brown
1201,"nydick, koren r.",k. nydick
1201,"wurtsbaugh, wayne a.",w. wurtsbaugh
1202,"littell, jeremy s.",j. littell
1202,"peterson, david l.",d. peterson
1202,"tjoelker, michael",m. tjoelker
1206,"innes, john l.",j. innes
1206,"nitschke, craig r.",c. nitschke
1212,"brocklehurst, simon h.",s. brocklehurst
1212,"foster, david",d. foster
1212,"whipple, kelin x.",k. whipple
1214,"burn, donald h.",d. burn
1215,"carroll, a. l.",a. carroll
1215,"dymond, c. c.",c. dymond
1215,"ebata, t.",t. ebata
1215,"kurz, w. a.",w. kurz
1215,"neilson, e. t.",e. neilson
1215,"rampley, g. j.",g. rampley
1215,"safranyik, l.",l. safranyik
1215,"stinson, g.",g. stinson
1216,"clague, john j.",j. clague
1216,"lakeman, thomas r.",t. lakeman
1216,"luckman, brian h.",b. luckman
1216,"menounos, brian",b. menounos
1216,"minkus, ryan",r. minkus
1216,"osborn, gerald",g. osborn
1218,"bunn, andrew g.",a. bunn
1218,"graumlich, lisa j.",l. graumlich
1218,"schrag, anne m.",a. schrag
1231,"innes, john l.",j. innes
1231,"nitschke, craig r.",c. nitschke
1233,"bleskie, christina",c. bleskie
1233,"chase, marianne",m. chase
1233,"gavin, daniel g.",d. gavin
1233,"hu, feng sheng",f. hu
1233,"walker, ian r.",i. walker
1236,"choate, janet",j. choate
1236,"farrell, mike",m. farrell
1236,"grant, gordon",g. grant
1236,"jefferson, anne",a. jefferson
1236,"tague, christina",c. tague
1241,"ducey, mark",m. ducey
1241,"hicke, jeffrey a.",j. hicke
1241,"jenkins, jennifer c.",j. jenkins
1241,"ojima, dennis s.",d. ojima
1242,"abella, scott r.",s. abella
1242,"covington, w. wallace",w. covington
1242,"fule, peter z.",p. fule
1242,"lentile, leigh b.",l. lentile
1242,"meador, andrew j. sanchez",a. meador
1242,"morgan, penelope",p. morgan
1245,"case, michael j.",m. case
1245,"peterson, david l.",d. peterson
1250,"arnold, michael l.",m. arnold
1250,"cornman, r. scott",r. cornman
1252,"adams, susan",s. adams
1252,"horan, dona",d. horan
1252,"isaak, daniel",d. isaak
1252,"luce, charles",c. luce
1252,"myers, deborah",d. myers
1252,"nagel, david",d. nagel
1252,"rieman, bruce e.",b. rieman
1258,"bourgeron, patrick s.",p. bourgeron
1258,"bunn, andrew g.",a. bunn
1258,"butler, david r.",d. butler
1258,"daniels, lori d.",l. daniels
1258,"fagre, daniel b.",d. fagre
1258,"hiemstra, christopher a.",c. hiemstra
1258,"liptzin, daniel",d. liptzin
1258,"malanson, george p.",g. malanson
1258,"millar, constance i.",c. millar
1258,"peterson, david l.",d. peterson
1258,"resler, lynn m.",l. resler
1258,"shen, zehao",z. shen
1258,"smith, william k.",w. smith
1258,"tomback, diana f.",d. tomback
1258,"walsh, stephen j.",s. walsh
1258,"weiss, daniel j.",d. weiss
1259,"resler, lynn m.",l. resler
1259,"tomback, diana f.",d. tomback
1261,"greenwood, mark c.",m. greenwood
1261,"harper, joel t.",j. harper
1261,"moore, johnnie n.",j. moore
1264,"galster, joshua c.",j. galster
1265,"mackendrick, norah a.",n. mackendrick
1265,"parkins, john r.",j. parkins
1280,"clark, martyn p.",m. clark
1280,"hamlet, alan f.",a. hamlet
1280,"lettenmaier, dennis p.",d. lettenmaier
1280,"mote, philip w.",p. mote
1281,"jin, jiming",j. jin
1281,"miller, norman l.",n. miller
1284,"hansen, andrew j.",a. hansen
1284,"powell, scott l.",s. powell
1290,"marshall, shawn j.",s. marshall
1290,"shea, joseph m.",j. shea
1303,"harrower, william l.",w. harrower
1303,"krebs, john a.",j. krebs
1303,"lewis, dave",d. lewis
1303,"lofroth, eric c.",e. lofroth
1304,"hodgskiss, paul d.",p. hodgskiss
1304,"johnson, david r.",d. johnson
1304,"ledig, f. thomas",f. ledig
1305,"crookston, nicholas l.",n. crookston
1305,"evans, jeffrey s.",j. evans
1305,"rehfeldt, gerald e.",g. rehfeldt
1305,"warwell, marcus v.",m. warwell
1306,"fall, andrew",a. fall
1306,"kashian, daniel m.",d. kashian
1306,"schoennagel, tania",t. schoennagel
1306,"turner, monica g.",m. turner
1316,"bales, roger c.",r. bales
1316,"dettinger, michael d.",m. dettinger
1316,"dozier, jeff",j. dozier
1316,"molotch, noah p.",n. molotch
1316,"painter, thomas h.",t. painter
1316,"rice, robert",r. rice
1317,"benda, lee e.",l. benda
1317,"bisson, peter a.",p. bisson
1317,"reeves, gordon h.",g. reeves
1317,"rieman, bruce e.",b. rieman
1321,"hicke, jeffrey a.",j. hicke
1321,"logan, jesse a.",j. logan
1321,"ojima, dennis s.",d. ojima
1321,"powell, james",j. powell
1324,"metzger, kl",k. metzger
1324,"romme, wh",w. romme
1324,"turner, mg",m. turner
1335,"aitken, sn",s. aitken
1335,"hamann, a",a. hamann
1335,"spittlehouse, dl",d. spittlehouse
1335,"wang, t",t. wang
1345,"brassard, bw",b. brassard
1345,"chen, hyh",h. chen
1346,"fagre, daniel b.",d. fagre
1346,"graumlich, lisa j.",l. graumlich
1346,"gray, stephen t.",s. gray
1346,"pederson, gregory t.",g. pederson
1359,"bentz, bj",b. bentz
1359,"gibson, k",k. gibson
1359,"kegley, s",s. kegley
1359,"thier, r",r. thier
1361,"georgakakos, a",a. georgakakos
1361,"gibson, ca",c. gibson
1361,"hay, le",l. hay
1361,"meyer, jl",j. meyer
1361,"poff, nl",n. poff
1367,"karst-riddoch, tl",t. karst-riddoch
1367,"pisaric, mfj",m. pisaric
1367,"smol, jp",j. smol
1367,"youngblut, dk",d. youngblut
1373,"chowanski, k",k. chowanski
1373,"hartman, m",m. hartman
1373,"losleben, m",m. losleben
1373,"pepin, nc",n. pepin
1374,"rood, sb",s. rood
1374,"samuelson, gm",g. samuelson
1374,"weber, jk",j. weber
1374,"wywrot, ka",k. wywrot
1376,"littell, js",j. littell
1376,"peterson, dl",d. peterson
1380,"logan, ja",j. logan
1380,"powell, ja",j. powell
1382,"salathe, ep",e. salathe
1383,"gedalof, z",z. gedalof
1383,"mantua, nj",n. mantua
1383,"peterson, dl",d. peterson
1385,"daly, gl",g. daly
1385,"wania, f",f. wania
1387,"clark, mp",m. clark
1387,"hamlet, af",a. hamlet
1387,"lettenmaier, dp",d. lettenmaier
1387,"mote, pw",p. mote
1388,"kim, j",j. kim
1391,"gedalof, z",z. gedalof
1391,"mantua, nj",n. mantua
1391,"peterson, dl",d. peterson
1393,"jull, ajt",a. jull
1393,"meyer, ga",g. meyer
1393,"pierce, jl",j. pierce
1394,"kashian, dm",d. kashian
1394,"litton, cm",c. litton
1394,"romme, wh",w. romme
1394,"tinker, db",d. tinker
1394,"turner, mg",m. turner
1401,"millar, ci",c. millar
1401,"westfall, rd",r. westfall
1402,"beebee, ra",r. beebee
1402,"manga, m",m. manga
1413,"bian, xd",x. bian
1413,"han, jg",j. han
1413,"leung, lr",l. leung
1413,"qian, y",y. qian
1413,"roads, jo",j. roads
1413,"washington, wm",w. washington
1414,"cayan, dr",d. cayan
1414,"dettinger, md",m. dettinger
1414,"stewart, it",i. stewart
1415,"carroll, al",a. carroll
1415,"regniere, j",j. regniere
1415,"safranyik, l",l. safranyik
1415,"taylor, sw",s. taylor
1426,"mote, pw",p. mote
1430,"bartlein, pj",p. bartlein
1430,"bell, jl",j. bell
1430,"diffenbaugh, ns",n. diffenbaugh
1430,"kaplan, j",j. kaplan
1430,"shafer, sl",s. shafer
1430,"sloan, lc",l. sloan
1430,"snyder, ma",m. snyder
1431,"marlon, j",j. marlon
1431,"shafer, sl",s. shafer
1431,"whitlock, c",c. whitlock
1437,"bian, xd",x. bian
1437,"hunt, a",a. hunt
1437,"leung, lr",l. leung
1437,"qian, y",y. qian
1438,"knight, dh",d. knight
1438,"litton, cm",c. litton
1438,"ryan, mg",m. ryan
1438,"stahl, pd",p. stahl
1445,"bretherton, cs",c. bretherton
1445,"salathe, ep",e. salathe
1445,"widmann, m",m. widmann
1453,"aitken, sn",s. aitken
1453,"el-kassaby, ya",y. el-kassaby
1453,"krakowski, j",j. krakowski
1456,"reed, ra",r. reed
1456,"romme, wh",w. romme
1456,"turner, mg",m. turner
1456,"tuskan, ga",g. tuskan
1459,"hebda, r",r. hebda
1459,"heinrichs, m",m. heinrichs
1459,"palmer, s",s. palmer
1459,"scudder, g",g. scudder
1459,"walker, i",i. walker
1467,"hebda, rj",r. hebda
1467,"heinrichs, ml",m. heinrichs
1467,"palmer, sl",s. palmer
1467,"walker, ir",i. walker
1472,"arritt, rw",r. arritt
1472,"kim, j",j. kim
1472,"kim, tk",t. kim
1472,"miller, nl",n. miller
1477,"hay, le",l. hay
1477,"mccabe, gj",g. mccabe
1479,"liebhold, andrew m.",a. liebhold
1479,"williams, david w.",d. williams
1483,"klopatek, jm",j. klopatek
1490,"jones, ja",j. jones
1490,"post, da",d. post
1501,"majorowicz, ja",j. majorowicz
1501,"skinner, wr",w. skinner
1507,"dalezios, nr",n. dalezios
1507,"loukas, a",a. loukas
1507,"vasiliades, l",l. vasiliades
1512,"hallett, d",d. hallett
1512,"walker, r",r. walker
1520,"hay, le",l. hay
1520,"leavesley, gh",g. leavesley
1520,"wilby, rjl",r. wilby
1526,"fagre, db",d. fagre
1526,"peterson, dl",d. peterson
1528,"morgan, p",p. morgan
1528,"rollins, m",m. rollins
1528,"swetnam, t",t. swetnam
1529,"martinec, j",j. martinec
1529,"rango, a",a. rango
1531,"leung, lr",l. leung
1531,"wigmosta, ms",m. wigmosta
1532,"berg, a",a. berg
1532,"byrne, jm",j. byrne
1532,"townshend, i",i. townshend
1534,"lettenmaier, dp",d. lettenmaier
1534,"palmer, rn",r. palmer
1534,"stakhiv, ez",e. stakhiv
1534,"wood, aw",a. wood
1534,"wood, ef",e. wood
1536,"ghan, sj",s. ghan
1536,"leung, lr",l. leung
1537,"armstrong, rl",r. armstrong
1537,"clark, mp",m. clark
1537,"mcginnis, da",d. mcginnis
1537,"pulwarty, rs",r. pulwarty
1537,"serreze, mc",m. serreze
1548,"hart, sc",s. hart
1548,"perry, da",d. perry
1551,"loukas, a",a. loukas
1551,"quick, mc",m. quick
1564,"halpern, cb",c. halpern
1564,"miller, ea",e. miller
1569,"baron, js",j. baron
1569,"campbell, dh",d. campbell
1569,"fausch, kd",k. fausch
1569,"hauer, fr",f. hauer
1569,"hostetler, sw",s. hostetler
1569,"leavesley, gh",g. leavesley
1569,"leavitt, pr",p. leavitt
1569,"mcknight, dm",d. mcknight
1569,"stanford, ja",j. stanford
1576,"hadly, ea",e. hadly
1577,"burton, pj",p. burton
1577,"cumming, sg",s. cumming
1578,"harte, j",j. harte
1578,"loik, me",m. loik
1581,"pelto, ms",m. pelto
1585,"loukas, athanasios",a. loukas
1585,"quick, michael c.",m. quick
1587,"delgado, ja",j. delgado
1587,"follett, rf",r. follett
1587,"follett, rh",r. follett
1587,"klemedtsson, lk",l. klemedtsson
1587,"mosier, ar",a. mosier
1587,"vermeulen, j",j. vermeulen
1587,"westfall, dg",d. westfall
1588,"keleher, cj",c. keleher
1588,"rahel, fj",f. rahel
1590,"girdner, sf",s. girdner
1590,"larson, gl",g. larson
1593,"bartlein, pj",p. bartlein
1593,"clark, pu",p. clark
1601,"ghan, sj",s. ghan
1601,"leung, lr",l. leung
1602,"peterson, dl",d. peterson
1602,"peterson, dw",d. peterson
1607,"martinec, j",j. martinec
1607,"rango, a",a. rango
1611,"childress, ae",a. childress
1611,"rango, a",a. rango
1611,"vankatwijk, vf",v. vankatwijk
1614,"brettmann, kl",k. brettmann
1614,"lettenmaier, dp",d. lettenmaier
1614,"scott, mj",m. scott
1614,"vail, lw",l. vail
1614,"yabusaki, sb",s. yabusaki
1619,"fleagle, rg",r. fleagle
1620,"peterson, dl",d. peterson
1622,"perry, timothy d
geography, college of earth, ocean, and atmospheric sciences, oregon state university, corvallis, or, 97331, usa.
timothy
timothy d perry
perry
d
perry, timothy d , jones, julia a
julia
julia a jones
jones
a
jones, julia a",t. perry
1634,"leelaruban, navaratnam
n.
navaratnam
leelaruban
navaratnam leelaruban , padmanabhan, g
g.
g
padmanabhan
g padmanabhan , oduor, peter
p.
peter
oduor
peter oduor",n. leelaruban
1700,"allyson beall king , thornton, melanie",b. allyson beall king 
1738,"vache, kellie
k.
kellie
vache
kellie vache , breuer, lutz
l.
lutz
breuer
lutz breuer , jones, julia
j.
julia
jones
julia jones , sollins, phil
p.
phil
sollins
phil sollins",k. vache
1807,"crawford, christopher j
cryospheric sciences laboratory (code 615), nasa goddard space flight center, greenbelt, md, 20771, usa.
christopher
christopher j crawford
crawford
j
crawford, christopher j",c. crawford
1817,"koch, johannes
j.
johannes
koch
johannes koch , clague, john j
j.
j.
john
j
clague
john j clague , osborn, gerald
g.
gerald
osborn
gerald osborn",j. koch
1823,"wilson, rob
r.
rob
wilson
rob wilson , rao, rohit
r.
rohit
rao
rohit rao , rydval, milos
m.
milos
rydval
milos rydval, cheryl wood , larsson, lars, luckman, brian h
b.
h.
brian
h
luckman
brian h luckman",r. wilson
1834,"abatzoglou, john t
department of geography, university of idaho, moscow, idaho
john
john t abatzoglou
abatzoglou
t
abatzoglou, john t , barbero, renaud
renaud
renaud barbero
barbero
barbero, renaud , wolf, jacob w
jacob
jacob w wolf
wolf
w
wolf, jacob w , holden, zachary a
zachary
zachary a holden
holden
a
holden, zachary a",j. abatzoglou
1851,"klos, pzion
college of natural resources, university of idaho, moscow, idaho, usa.
pzion
pzion klos
klos
klos, pzion , link, timothy e
timothy
timothy e link
link
e
link, timothy e , abatzoglou, john t
john
john t abatzoglou
abatzoglou
t
abatzoglou, john t",p. klos
1869,"woldemichael, abel t
tennessee technological university, cookeville, tennessee
abel
abel t woldemichael
woldemichael
t
woldemichael, abel t , hossain, faisal
faisal
faisal hossain
hossain
hossain, faisal , pielke, roger sr
roger
roger sr pielke
pielke
sr
pielke, roger sr",a. woldemichael
1891,"wada, y
y
y wada
wada
y wada , wisser, d
d
d wisser
wisser
d wisser , bierkens, m f p
m
m f p bierkens
bierkens
f p
m f p bierkens",y. wada
1931,"wei, xiaohua
x.
xiaohua
wei
xiaohua wei , liu, wenfei
w.
wenfei
liu
wenfei liu , zhou, peicong
p.
peicong
zhou
peicong zhou",x. wei
1963,"maness, h
1] department of physics, university of toronto, toronto, ontario, m5s 1a7, canada [2] department of earth and planetary sciences, university of california at berkeley, berkeley, california 94720, usa
h
h maness
maness
maness, h , kushner, p j
p
p j kushner
kushner
j
kushner, pj , fung, i
i
i fung
fung
fung, i",h. maness
2022,"tranel, lisa m
department of geosciences, virginia tech, blacksburg, va
lisa
lisa m tranel
tranel
m
tranel, lisa m , spotila, james a
james
james a spotila
spotila
a
spotila, james a , kowalewski, michal j
michal
michal j kowalewski
kowalewski
j
kowalewski, michal j , waller, claire m
claire
claire m waller
waller
m
waller, claire m",l. tranel
2040,"moradkhani, hamid
h.
hamid
moradkhani
hamid moradkhani , hay, lauren
l.
lauren
hay
lauren hay , markstrom, steve
s.
steve
markstrom
steve markstrom",h. moradkhani
2044,"mizukami, naoki
naoki
naoki mizukami
mizukami
mizukami, naoki , perica, sanja
sanja
sanja perica
perica
perica, sanja , hatch, david
david
david hatch
hatch
hatch, david",n. mizukami
2057,"wise, erika k
department of geography, university of north carolina at chapel hill, chapel hill, nc 27599, usa
erika
erika k wise
wise
k
wise, erika k",e. wise
2071,"shinker, jacqueline j.
j.
j.
jacqueline
j.
shinker
jacqueline j. shinker",j. shinker
2085,"binckley, christopher a
*alaska cooperative fish and wildlife research unit, institute of arctic biology, university of alaska fairbanks, fairbanks, ak, u.s.a. 1,
bincklec@arcadia.edu
christopher
christopher a binckley
binckley
a
binckley, christopher a , wipfli, mark s
mark
mark s wipfli
wipfli
s
wipfli, mark s , medhurst, rbruce
rbruce
rbruce medhurst
medhurst
medhurst, rbruce , polivka, karl
karl
karl polivka
polivka
polivka, karl , hessburg, paul
paul
paul hessburg
hessburg
hessburg, paul , brion salter, r
brion salter, r , kill, joshua y
joshua
joshua y kill
kill
y
kill, joshua y",c. binckley
2101,"mccabe, gregory j.
g.
j.
gregory
j.
mccabe
gregory j. mccabe , wolock, david m.
d.
m.
david
m.
wolock
david m. wolock",g. mccabe
2200,"pederson, gregory t.
g.
t.
gregory
t.
pederson
gregory t. pederson , gray, stephen t.
s.
t.
stephen
t.
gray
stephen t. gray , fagre, daniel b.
d.
b.
daniel
b.
fagre
daniel b. fagre , graumlich, lisa j.
l.
j.
lisa
j.
graumlich
lisa j. graumlich",g. pederson
2213,"snyder, mark a.
m.
a.
mark
a.
snyder
mark a. snyder , sloan, lisa c.
l.
c.
lisa
c.
sloan
lisa c. sloan",m. snyder
2216,"fye+, falko k.
f.
k.
falko
k.
fye+
falko k. fye+ , stahle, david w.
d.
w.
david
w.
stahle
david w. stahle , cook, edward r.
e.
r.
edward
r.
cook
edward r. cook",f. fye+
2226,"potter, christopher
c.
christopher
potter
christopher potter , zhang, pusheng
p.
pusheng
zhang
pusheng zhang , klooster, steven
s.
steven
klooster
steven klooster , genovese, vanessa
v.
vanessa
genovese
vanessa genovese , shekhar, shashi
s.
shashi
shekhar
shashi shekhar , kumar, vipin
v.
vipin
kumar
vipin kumar",c. potter
2230,"leung, l r
pacific northwest national laboratory, 902 battelle blvd., p.o. box 999, richland, wa 99352, usa,
rubyleung@pnl.gov
l
l r leung
leung
r
leung, lr , qian, y
y
y qian
qian
qian, y , bian, x
x
x bian
bian
bian, x , hunt, a
a
a hunt
hunt
hunt, a",l. leung
2231,"widmann, m
institute for coastal research, gkss research centre, d 21502 geesthacht, germany,
widmann@gkss.de
m
m widmann
widmann
widmann, m , bretherton, c s
c
c s bretherton
bretherton
s
bretherton, cs , salathe, ep jr
ep
ep jr salathe
salathe
jr
salathe, ep jr",m. widmann
2234,"heyerdahl, emily k
emily
emily k heyerdahl
heyerdahl
k
emily k. heyerdahl , brubaker, linda b
linda
linda b brubaker
brubaker
b
linda b. brubaker , agee, james k
james
james k agee
agee
k
james k. agee",e. heyerdahl
2375,"jost, g
department of geography, univ. of british columbia, canada
g
g jost
jost
jost, g , moore, r d
r
r d moore
moore
d
moore, rd , menounos, b
b
b menounos
menounos
menounos, b , wheate, r
r
r wheate
wheate
wheate, r",g. jost
2391,"mote, p w
jisao/sma climate impacts group, box 354235, university of washington, seattle, washington 98195, usa,
philiptmos.washington.edu
p
p w mote
mote
w
mote, pw",p. mote
2394,"post, da
csiro division of land and water, davies laboratory, pmb po, aitkenvale, queensland 4814, australia,
david.post@csiro.au
da
da post
post
post, da , jones, ja
ja
ja jones
jones
jones, ja",d. post
2398,"loukas, a
28 agamemnonos st., 56224 evosmos, thessaloniki, greece
a
a loukas
loukas
loukas, a , quick, m c
m
m c quick
quick
c
quick, mc",a. loukas
2399,"girdner, s f
crater lake natl. park, crater lake, or 97604, usa
s
s f girdner
girdner
f
girdner, sf , larson, g l
g
g l larson
larson
l
larson, gl",s. girdner
2412,"smith, d. j.",d. smith
2412,"wood, l. j.",l. wood
2413,"arismendi, i.",i. arismendi
2413,"grant, g. e.",g. grant
2413,"lewis, s. l.",s. lewis
2413,"nolin, a.",a. nolin
2413,"safeeq, m.",m. safeeq
2414,"baxter, c. v.",c. baxter
2414,"kirk, r. w. van",r. kirk
2414,"marcarelli, a. m.",a. marcarelli
2417,"allen, r.",r. allen
2417,"contor, b.",b. contor
2417,"johnson, g.",g. johnson
2417,"ryu, j. h.",j. ryu
2417,"tracy, j.",j. tracy
2418,"hart, m.",m. hart
2418,"sailor, d. j.",d. sailor
2418,"smith, m.",m. smith
2419,"molotch, n. p.",n. molotch
2419,"trujillo, e.",e. trujillo
2420,"goring, s.",s. goring
2420,"lacourse, t.",t. lacourse
2420,"mathewes, r. w.",r. mathewes
2420,"pellatt, m. g.",m. pellatt
2420,"walker, i. r.",i. walker
2421,"abatzoglou, j. t.",j. abatzoglou
2421,"dobrowski, s. z.",s. dobrowski
2421,"holsinger, l. m.",l. holsinger
2421,"miller, c.",c. miller
2421,"parisien, m. a.",m. parisien
2421,"parks, s. a.",s. parks
2422,"bell, d. m.",d. bell
2422,"bradford, j. b.",j. bradford
2422,"lauenroth, w. k.",w. lauenroth
2424,"kienzle, s. w.",s. kienzle
2424,"ludwig, r.",r. ludwig
2424,"springer, j.",j. springer
2427,"wise, e. k.",e. wise
2428,"bala, g.",g. bala
2428,"barnett, t. p.",t. barnett
2428,"bonfils, c.",c. bonfils
2428,"cayan, d. r.",d. cayan
2428,"das, t.",t. das
2428,"dettinger, m. d.",m. dettinger
2428,"hidalgo, h. g.",h. hidalgo
2428,"mirin, a.",a. mirin
2428,"nozawa, t.",t. nozawa
2428,"pierce, d. w.",d. pierce
2428,"santer, b. d.",b. santer
2428,"wood, a. w.",a. wood
2432,"jin, x.",x. jin
2432,"sridhar, v.",v. sridhar
2433,"crosby, b. t.",b. crosby
2433,"derryberry, d. r.",d. derryberry
2433,"godsey, s. e.",s. godsey
2433,"tennant, c. j.",c. tennant
2433,"vankirk, r. w.",r. vankirk
2436,"grant, g. e.",g. grant
2436,"lewis, s. l.",s. lewis
2436,"safeeq, m.",m. safeeq
2436,"tague, c. l.",c. tague
2439,"chapman, t. b.",t. chapman
2439,"hart, s. j.",s. hart
2439,"schoennagel, t.",t. schoennagel
2439,"veblen, t. t.",t. veblen
2440,"hoekema, d. j.",d. hoekema
2440,"sridhar, v.",v. sridhar
2441,"cansler, c. a.",c. cansler
2441,"halpern, c. b.",c. halpern
2441,"mckenzie, d.",d. mckenzie
2442,"aitken, s. n.",s. aitken
2442,"fitzpatrick, c. r.",c. fitzpatrick
2442,"hamann, a.",a. hamann
2442,"liepe, k. j.",k. liepe
2442,"smets, p.",p. smets
2443,"hoekema, d. j.",d. hoekema
2443,"sridhar, v.",v. sridhar
2444,"jost, g.",g. jost
2444,"menounos, b.",b. menounos
2444,"moore, r. d.",r. moore
2444,"wheate, r.",r. wheate
2445,"hansen, a. j.",a. hansen
2445,"phillips, l. b.",l. phillips
2446,"abatzoglou, j. t.",j. abatzoglou
2446,"larkin, n. k.",n. larkin
2446,"mckenzie, d.",d. mckenzie
2446,"stavros, e. n.",e. stavros
2453,"daniels, l. d.",l. daniels
2453,"hessl, a. e.",a. hessl
2453,"heyerdahl, e. k.",e. heyerdahl
2453,"littell, j. s.",j. littell
2453,"mantua, n. j.",n. mantua
2453,"mckenzie, d.",d. mckenzie
2455,"bian, x. d.",x. bian
2455,"hunt, a.",a. hunt
2455,"leung, l. r.",l. leung
2455,"qian, y.",y. qian
2459,"abatzoglou, j. a.",j. abatzoglou
2459,"cansler, c. a.",c. cansler
2459,"kane, j. t.",j. kane
2459,"key, c. h.",c. key
2459,"kolden, c. a.",c. kolden
2459,"lutz, j. a.",j. lutz
2459,"wagtendonk, j. w. van",j. wagtendonk
2461,"bell, d. m.",d. bell
2461,"bradford, j. b.",j. bradford
2461,"lauenroth, w. k.",w. lauenroth
2463,"aubry, k. b.",k. aubry
2463,"copeland, j. p.",j. copeland
2463,"elsner, m. m.",m. elsner
2463,"littell, j. s.",j. littell
2463,"mauger, g. s.",g. mauger
2463,"mckelvey, k. s.",k. mckelvey
2463,"parks, s. a.",s. parks
2463,"schwartz, m. k.",m. schwartz
2463,"squires, j. r.",j. squires
2464,"maclennan, m. m.",m. maclennan
2464,"messner, j. s.",j. messner
2464,"vinebrooke, r. d.",r. vinebrooke
2465,"andrade, a. j.",a. andrade
2465,"keane, r. e.",r. keane
2465,"pansing, e. r.",e. pansing
2465,"resler, l. m.",l. resler
2465,"tomback, d. f.",d. tomback
2465,"wagner, a. c.",a. wagner
2466,"anderson, k.",k. anderson
2466,"beaulieu, p. a.",p. beaulieu
2466,"chen, j.",j. chen
2466,"cousineau, s.",s. cousineau
2466,"davignon, d.",d. davignon
2466,"moran, m. d.",m. moran
2466,"pavlovic, r.",r. pavlovic
2468,"johnson, a. c.",a. johnson
2468,"yeakley, j. a.",j. yeakley
2472,"gavin, d. g.",d. gavin
2473,"mote, p. w.",p. mote
2475,"brown, k.",k. brown
2475,"graumlich, l. j.",l. graumlich
2475,"hansen, a. j.",a. hansen
2475,"keane, r. e.",r. keane
2477,"bradford, j. b.",j. bradford
2477,"lauenroth, w. k.",w. lauenroth
2477,"schlaepfer, d. r.",d. schlaepfer
2482,"campbell, d. h.",d. campbell
2482,"clow, d. w.",d. clow
2482,"dornblaser, m.",m. dornblaser
2482,"elliott, j. g.",j. elliott
2482,"krabbenhoft, d. p.",d. krabbenhoft
2482,"roth, d. a.",d. roth
2482,"sickman, j. o.",j. sickman
2482,"striegl, r. g.",r. striegl
2485,"mustaphi, c. j. c.",c. mustaphi
2485,"pisaric, m. f. j.",m. pisaric
2489,"dry, s. j.",s. dry
2489,"forrester, b. j.",b. forrester
2489,"leggat, m. s.",m. leggat
2489,"menounos, b.",b. menounos
2489,"owens, p. n.",p. owens
2489,"stott, t. a.",t. stott
2490,"bartz, k. k.",k. bartz
2490,"mcclure, m. m.",m. mcclure
2490,"walters, a. w.",a. walters
2492,"betancourt, j. l.",j. betancourt
2492,"dicus, g. h.",g. dicus
2492,"garrett, l. k.",l. garrett
2492,"hansen, a. j.",a. hansen
2492,"lonneker, m. k.",m. lonneker
2492,"powell, s. l.",s. powell
2492,"rodhouse, t. j.",t. rodhouse
2493,"buotte, p. c.",p. buotte
2493,"hicke, j. a.",j. hicke
2493,"mckelvey, k. s.",k. mckelvey
2493,"peterson, d. l.",d. peterson
2496,"arritt, r. w.",r. arritt
2496,"kim, j.",j. kim
2496,"kim, t. k.",t. kim
2496,"miller, n. l.",n. miller
2506,"kunkel, m. l.",m. kunkel
2506,"pierce, j. l.",j. pierce
2512,"chapman, p. l.",p. chapman
2512,"collins, b. m.",b. collins
2512,"omi, p. n.",p. omi
2518,"meyer, g.",g. meyer
2518,"pierce, j.",j. pierce
2522,"bachelet, d.",d. bachelet
2522,"ferschweiler, k.",k. ferschweiler
2522,"sheehan, t.",t. sheehan
2523,"peterson, d. l.",d. peterson
2523,"peterson, d. w.",d. peterson
2524,"means, j. e.",j. means
2524,"schreiner, e. g.",e. schreiner
2524,"silsbee, d. g.",d. silsbee
2524,"woodward, a.",a. woodward
2527,"scoullar, k.",k. scoullar
2527,"seely, b.",b. seely
2527,"welham, c.",c. welham
2531,"ettl, g. j.",g. ettl
2531,"peterson, d. l.",d. peterson
2531,"peterson, d. w.",d. peterson
2535,"dulire, v.",v. dulire
2535,"leung, l. r.",l. leung
2535,"qian, y.",y. qian
2535,"salath, e. p., jr.",e. salath
2535,"zhang, y. x.",y. zhang
2540,"menounos, b.",b. menounos
2540,"schiefer, e.",e. schiefer
2541,"bachelet, d.",d. bachelet
2541,"brooks, m. l.",m. brooks
2541,"cross, m. s.",m. cross
2541,"enquist, c. a. f.",c. enquist
2541,"fleishman, e.",e. fleishman
2541,"graumlich, l. j.",l. graumlich
2541,"groves, c. r.",c. groves
2541,"hannah, l.",l. hannah
2541,"hansen, l.",l. hansen
2541,"hayward, g.",g. hayward
2541,"koopman, m.",m. koopman
2541,"lawler, j. j.",j. lawler
2541,"malcolm, j.",j. malcolm
2541,"nordgren, j.",j. nordgren
2541,"petersen, b.",b. petersen
2541,"rowland, e. l.",e. rowland
2541,"scott, d.",d. scott
2541,"shafer, s. l.",s. shafer
2541,"shaw, m. r.",m. shaw
2541,"tabor, g. m.",g. tabor
2541,"zavaleta, e. s.",e. zavaleta
2548,"brunelle, a.",a. brunelle
2548,"whitlock, c.",c. whitlock
2550,"aishlin, p. s.",p. aishlin
2550,"benner, s. g.",s. benner
2550,"flores, a. n.",a. flores
2550,"gribb, m. m.",m. gribb
2550,"mcnamara, j. p.",j. mcnamara
2550,"smith, t. j.",t. smith
2553,"cohen, w. b.",w. cohen
2553,"healey, s. p.",s. healey
2553,"lefsky, m.",m. lefsky
2553,"moeur, m.",m. moeur
2553,"pflugmacher, d.",d. pflugmacher
2553,"spies, t. a.",t. spies
2553,"whitley, m. g.",m. whitley
2555,"alexander, m. a.",m. alexander
2555,"hughes, m.",m. hughes
2555,"mahoney, k.",k. mahoney
2555,"scott, j. d.",j. scott
2555,"smith, c. a.",c. smith
2555,"swales, d.",d. swales
2565,"beever, e. a.",e. beever
2565,"garrett, l. k.",l. garrett
2565,"irvine, k. m.",k. irvine
2565,"jeffress, m. r.",m. jeffress
2565,"munts, m.",m. munts
2565,"ray, c.",c. ray
2565,"rodhouse, t. j.",t. rodhouse
2566,"baxter, c. v.",c. baxter
2566,"crosby, b. t.",b. crosby
2566,"davis, j. m.",j. davis
2566,"minshall, g. w.",g. minshall
2566,"olson, n. f.",n. olson
2566,"tang, c.",c. tang
2569,"jaquish, b. c.",b. jaquish
2569,"rehfeldt, g. e.",g. rehfeldt
2577,"kostadinov, t. s.",t. kostadinov
2577,"lookingbill, t. r.",t. lookingbill
2581,"hidalgo, h. g.",h. hidalgo
2583,"nolin, a. w.",a. nolin
2583,"painter, t. h.",t. painter
2583,"rittger, k.",k. rittger
2583,"sproles, e. a.",e. sproles
2584,"slaughter, r. a.",r. slaughter
2584,"wiener, j. d.",j. wiener
2591,"burton, p. j.",p. burton
2591,"cumming, s. g.",s. cumming
2592,"ager, a. a.",a. ager
2592,"hayes, j. l.",j. hayes
2592,"hicke, j. a.",j. hicke
2592,"preisler, h. k.",h. preisler
2594,"cohn, g. m.",g. cohn
2594,"flower, a.",a. flower
2594,"gavin, d. g.",d. gavin
2594,"heyerdahl, e. k.",e. heyerdahl
2594,"parsons, r. a.",r. parsons
2595,"bastein, j. c.",j. bastein
2595,"brda, n.",n. brda
2595,"rozenberg, p.",p. rozenberg
2595,"sanchez, l.",l. sanchez
2595,"sergent, a. s.",a. sergent
2596,"kern, w. r.",w. kern
2596,"logan, j. a.",j. logan
2596,"macfarlane, w. w.",w. macfarlane
2607,"donato, d. c.",d. donato
2607,"raffa, k. f.",k. raffa
2607,"seidl, r.",r. seidl
2607,"turner, m. g.",m. turner
2608,"chief, k.",k. chief
2608,"liu, z. w.",z. liu
2608,"safi, a. s.",a. safi
2608,"smith, w. j., jr.",w. smith
2612,"jackson, s. i.",s. jackson
2612,"prowse, t. d.",t. prowse
2621,"liu, z. w.",z. liu
2621,"safi, a. s.",a. safi
2621,"smith, w. j., jr.",w. smith
2629,"duckstein, l.",l. duckstein
2629,"galambosi, a.",a. galambosi
2629,"ozelkan, e. c.",e. ozelkan
2631,"cowell, c. m.",c. cowell
2631,"elliott, g. p.",g. elliott
2632,"barton, m.",m. barton
2632,"fleming, s. w.",s. fleming
2634,"kissman, c. e. h.",c. kissman
2634,"rose, k. c.",k. rose
2634,"saros, j. e.",j. saros
2634,"williamson, c. e.",c. williamson
2637,"fritze, h.",h. fritze
2637,"pebesma, e.",e. pebesma
2637,"stewart, i. t.",i. stewart
2646,"fagre, d. b.",d. fagre
2646,"reardon, b. a.",b. reardon
2646,"selkowitz, d. j.",d. selkowitz
2647,"bradshaw, s.",s. bradshaw
2647,"colyer, w. t.",w. colyer
2647,"haak, a. l.",a. haak
2647,"neville, h. m.",h. neville
2647,"wenger, s. j.",s. wenger
2647,"williams, j. e.",j. williams
2649,"harte, j.",j. harte
2649,"kivlin, s. n.",s. kivlin
2649,"price, m. v.",m. price
2649,"rudgers, j. a.",j. rudgers
2649,"waser, n. m.",n. waser
2649,"whitney, k. d.",k. whitney
2654,"blades, j. j.",j. blades
2654,"force, j. e.",j. force
2654,"hall, t. e.",t. hall
2654,"kemp, k. b.",k. kemp
2654,"klos, p. z.",p. klos
2654,"morgan, p.",p. morgan
2654,"tinkham, w. t.",w. tinkham
2655,"lall, u.",u. lall
2655,"sankarasubramanian, a.",a. sankarasubramanian
2657,"doak, d. f.",d. doak
2657,"morris, w. f.",w. morris
2660,"forbey, j. s.",j. forbey
2660,"gehlken, k.",k. gehlken
2660,"griggs, t. c.",t. griggs
2660,"olsoy, p. j.",p. olsoy
2660,"shewmaker, g. e.",g. shewmaker
2660,"shipley, l. a.",l. shipley
2660,"ulappa, a. c.",a. ulappa
2664,"byrne, j. c.",j. byrne
2664,"crookston, n. l.",n. crookston
2664,"glvez, f. b.",f. glvez
2664,"hudak, a. t.",a. hudak
2664,"keefe, r. f.",r. keefe
2665,"gray, a. n.",a. gray
2665,"kennedy, r. e.",r. kennedy
2665,"ritts, w. d.",w. ritts
2665,"turner, d. p.",d. turner
2666,"chang, t.",t. chang
2666,"hansen, a. j.",a. hansen
2666,"piekielek, n. b.",n. piekielek
2668,"goodrick, s. l.",s. goodrick
2668,"liu, y. q.",y. liu
2668,"stanturf, j. a.",j. stanturf
2669,"hyde, k. d.",k. hyde
2669,"jencso, k.",k. jencso
2669,"wilcox, a. c.",a. wilcox
2669,"woods, s.",s. woods
2672,"flerchinger, g. n.",g. flerchinger
2672,"link, t. e.",t. link
2672,"niemeyer, r. j.",r. niemeyer
2672,"seyfried, m. s.",m. seyfried
2674,"bradford, j. b.",j. bradford
2674,"burke, i. c.",i. burke
2674,"lauenroth, w. k.",w. lauenroth
2674,"martyn, t. e.",t. martyn
2674,"schlaepfer, d. r.",d. schlaepfer
2676,"adler, p. b.",p. adler
2676,"dalgleish, h. j.",h. dalgleish
2676,"hooten, m. b.",m. hooten
2676,"koons, d. n.",d. koons
2676,"moffet, c. a.",c. moffet
2677,"charles, s. p.",s. charles
2677,"chiew, f. h. s.",f. chiew
2680,"notaro, m.",m. notaro
2680,"zarrin, a.",a. zarrin
2682,"du, e. h.",e. du
2682,"gravelle, j. a.",j. gravelle
2682,"hubbart, j. a.",j. hubbart
2682,"link, t. e.",t. link
2685,"kondragunta, s.",s. kondragunta
2685,"roy, d. p.",d. roy
2685,"zhang, x. y.",x. zhang
2687,"copeland, e. a.",e. copeland
2687,"grant, g. e.",g. grant
2687,"lancaster, s. t.",s. lancaster
2687,"nolin, a. w.",a. nolin
2689,"woolhiser, d. a.",d. woolhiser
2690,"hale, v. c.",v. hale
2690,"mcdonnell, j. j.",j. mcdonnell
2691,"lankford-bingle, a. j.",a. lankford-bingle
2691,"svancara, l. k.",l. svancara
2691,"vierling, k.",k. vierling
2693,"crosby, b. t.",b. crosby
2693,"piechota, t. c.",t. piechota
2693,"tang, c. l.",c. tang
2693,"wheaton, j. m.",j. wheaton
2695,"anderson, k. a.",k. anderson
2695,"sridhar, v.",v. sridhar
2700,"sankey, t. t.",t. sankey
2700,"thau, j.",j. thau
2700,"weber, k. t.",k. weber
2705,"chang, t.",t. chang
2705,"hansen, a. j.",a. hansen
2705,"piekielek, n.",n. piekielek
2706,"brger, g.",g. brger
2706,"murdock, t. q.",t. murdock
2706,"sobie, s. r.",s. sobie
2706,"werner, a. t.",a. werner
2707,"ettinger, a. k.",a. ettinger
2707,"ford, k. r.",k. ford
2707,"lambers, j. h. r.",j. lambers
2707,"lundquist, j. d.",j. lundquist
2707,"raleigh, m. s.",m. raleigh
2709,"isaak, d. j.",d. isaak
2709,"rieman, b. e.",b. rieman
2710,"adams, m. j.",m. adams
2710,"palen, w. j.",w. palen
2710,"rochefort, r. m.",r. rochefort
2710,"ryan, m. e.",m. ryan
2716,"bartelt, p. e.",p. bartelt
2716,"klaver, r. w.",r. klaver
2716,"porter, w. p.",w. porter
2718,"cassinelli, j. d.",j. cassinelli
2718,"moffitt, c. m.",c. moffitt
2724,"bradley, b. a.",b. bradley
2725,"elsner, m. m.",m. elsner
2725,"hicke, j. a.",j. hicke
2725,"littell, j. s.",j. littell
2725,"lutz, j. a.",j. lutz
2725,"mckenzie, d.",d. mckenzie
2725,"norheim, r. a.",r. norheim
2725,"oneil, e. e.",e. oneil
2727,"aldous, a. r.",a. aldous
2727,"gannett, m. w.",m. gannett
2727,"keith, m.",m. keith
2727,"o'connor, j.",j. o'connor
2729,"crookston, n. l.",n. crookston
2729,"leites, l. p.",l. leites
2729,"marshall, j. d.",j. marshall
2729,"rehfeldt, g. e.",g. rehfeldt
2729,"robinson, a. p.",a. robinson
2730,"elmendorf, s. c.",s. elmendorf
2730,"fosaa, a. m.",a. fosaa
2730,"gould, w. a.",w. gould
2730,"henry, g. h. r.",g. henry
2730,"hermanutz, l.",l. hermanutz
2730,"hofgaard, a.",a. hofgaard
2730,"hollister, r. d.",r. hollister
2730,"jorgenson, j. c.",j. jorgenson
2730,"jnsdttir, i. i.",i. jnsdttir
2730,"lvesque, e.",e. lvesque
2730,"magnusson, b.",b. magnusson
2730,"molau, u.",u. molau
2730,"myers-smith, i. h.",i. myers-smith
2730,"oberbauer, s. f.",s. oberbauer
2730,"rixen, c.",c. rixen
2730,"tweedie, c. e.",c. tweedie
2730,"walker, m.",m. walker
2733,"anderson, n. m.",n. anderson
2733,"healey, s. p.",s. healey
2733,"jones, g.",g. jones
2733,"loeffler, d. r.",d. loeffler
2733,"morrison, j. f.",j. morrison
2733,"skog, k. e.",k. skog
2733,"stockmann, k. d.",k. stockmann
2738,"blank, r. r.",r. blank
2738,"caldwell, t. g.",t. caldwell
2738,"johnson, d. w.",d. johnson
2738,"lucchesi, a.",a. lucchesi
2738,"rau, b. m.",b. rau
2738,"schupp, e. w.",e. schupp
2740,"coops, n. c.",n. coops
2740,"law, b. e.",b. law
2740,"waring, r. h.",r. waring
2744,"donato, d. c.",d. donato
2744,"harvey, b. j.",b. harvey
2744,"turner, m. g.",m. turner
2746,"berger, k.",k. berger
2746,"cork, s. c.",s. cork
2746,"johnson, g.",g. johnson
2746,"lysyk, t.",t. lysyk
2746,"marshall, s.",s. marshall
2746,"massolo, a.",a. massolo
2746,"zuliani, a.",a. zuliani
2751,"hamilton, d. a., jr.",d. hamilton
2751,"rehfeldt, g. e.",g. rehfeldt
2751,"spittlehouse, d. l.",d. spittlehouse
2751,"ying, c. c.",c. ying
2752,"luckman, b. h.",b. luckman
2752,"watson, e.",e. watson
2756,"ball, d. j.",d. ball
2756,"gill, k. m.",k. gill
2756,"kaluthota, s.",s. kaluthota
2756,"letts, m. g.",m. letts
2756,"pearce, d. w.",d. pearce
2756,"rood, s. b.",s. rood
2759,"jackson, r. m.",r. jackson
2759,"kashian, d. m.",d. kashian
2759,"lyons, h. d.",h. lyons
2761,"hawkins, c. p.",c. hawkins
2761,"hill, r. a.",r. hill
2761,"jin, j. m.",j. jin
2776,"bull, j. p.",j. bull
2776,"feller, m. c.",m. feller
2776,"kiffney, p. m.",p. kiffney
2778,"mills, k. e.",k. mills
2778,"mountain, d.",d. mountain
2778,"pershing, a. j.",a. pershing
2778,"sheehan, t. f.",t. sheehan
2780,"bartlein, p.",p. bartlein
2780,"praskievicz, s.",s. praskievicz
2784,"hamlet, a. f.",a. hamlet
2784,"lauver, c.",c. lauver
2784,"raymond, c. l.",c. raymond
2784,"rochefort, r. m.",r. rochefort
2784,"strauch, r. l.",r. strauch
2785,"bauer-gottwein, p.",p. bauer-gottwein
2785,"butts, m.",m. butts
2785,"gross, d.",d. gross
2785,"loinaz, m. c.",m. loinaz
2785,"unnasch, r.",r. unnasch
2790,"baker, w. l.",w. baker
2792,"byrne, j. m.",j. byrne
2792,"johnson, d. l.",d. johnson
2792,"kienzle, s. w.",s. kienzle
2792,"larson, r. p.",r. larson
2792,"letts, m. g.",m. letts
2795,"chandler, d. g.",d. chandler
2795,"marks, d.",d. marks
2795,"nayak, a.",a. nayak
2795,"seyfried, m.",m. seyfried
2816,"archie, k. m.",k. archie
2816,"dilling, l.",l. dilling
2816,"milford, j. b.",j. milford
2816,"pampel, f. c.",f. pampel
2818,"mcmaster, n. l.",n. mcmaster
2818,"schindler, d. w.",d. schindler
2819,"harte, j.",j. harte
2819,"kueppers, l. m.",l. kueppers
2822,"armstrong, a.",a. armstrong
2822,"baker, m. a.",m. baker
2822,"bedingfield, s.",s. bedingfield
2822,"betts, d.",d. betts
2822,"buahin, c.",c. buahin
2822,"buchert, m.",m. buchert
2822,"crowl, t.",t. crowl
2822,"dupont, r. r.",r. dupont
2822,"ehleringer, j. r.",j. ehleringer
2822,"endter-wada, j.",j. endter-wada
2822,"flint, c.",c. flint
2822,"grant, j.",j. grant
2822,"hale, r. l.",r. hale
2822,"hinners, s.",s. hinners
2822,"horsburgh, j. s.",j. horsburgh
2822,"jackson-smith, d.",d. jackson-smith
2822,"jones, a. s.",a. jones
2822,"licon, c.",c. licon
2822,"null, s. e.",s. null
2822,"odame, a.",a. odame
2822,"pataki, d. e.",d. pataki
2822,"rosenberg, d.",d. rosenberg
2822,"runburg, m.",m. runburg
2822,"stoker, p.",p. stoker
2822,"strong, c.",c. strong
2824,"arkle, r. s.",r. arkle
2824,"holbrook, j. d.",j. holbrook
2824,"pilliod, d. s.",d. pilliod
2824,"rachlow, j. l.",j. rachlow
2824,"vierling, k. t.",k. vierling
2824,"wiest, m. m.",m. wiest
2825,"adler, p. b.",p. adler
2825,"compagnoni, a.",a. compagnoni
2828,"loewen, c. j. g.",c. loewen
2828,"vinebrooke, r. d.",r. vinebrooke
2834,"kliejunas, j. t.",j. kliejunas
2834,"lockman, i. b.",i. lockman
2834,"muir, j. a.",j. muir
2834,"schwandt, j. w.",j. schwandt
2844,"elliott, g. p.",g. elliott
2847,"harris, s. a.",s. harris
2852,"adler, p. b.",p. adler
2852,"hillerislambers, j.",j. hillerislambers
2852,"levine, j. m.",j. levine
2859,"case, m. j.",m. case
2859,"peterson, d. l.",d. peterson
2875,"caruthers, j. c.",j. caruthers
2875,"cook, d.",d. cook
2875,"crowley, j.",j. crowley
2875,"debinski, d. m.",d. debinski
2875,"wickham, h.",h. wickham
2876,"logan, j. a.",j. logan
2876,"macfarlane, w. w.",w. macfarlane
2876,"willcox, l.",l. willcox
2882,"gabrielyan, h.",h. gabrielyan
2882,"hillerislambers, j.",j. hillerislambers
2882,"theobald, e. j.",e. theobald
2885,"aukema, b. h.",b. aukema
2885,"reyes, p. e.",p. reyes
2885,"zhu, j.",j. zhu
2886,"cansler, c. a.",c. cansler
2886,"mckenzie, d.",d. mckenzie
2887,"bauer, m. e.",m. bauer
2887,"crawford, c. j.",c. crawford
2887,"hall, d. k.",d. hall
2887,"manson, s. m.",s. manson
2893,"christianson, d.",d. christianson
2893,"creel, s.",s. creel
2913,"chandler, g.",g. chandler
2913,"horan, d.",d. horan
2913,"isaak, d. j.",d. isaak
2913,"wollrab, s.",s. wollrab
2919,"griffith, d. m.",d. griffith
2919,"wilson, b. t.",b. wilson
2919,"woodall, c. w.",c. woodall
2934,"graumlich, l. j.",l. graumlich
2934,"king, j. c.",j. king
2934,"littell, j. s.",j. littell
2934,"pisaric, m. f. j.",m. pisaric
2934,"waggoner, l. a.",l. waggoner
2935,"fagre, d. b.",d. fagre
2935,"hessl, a. e.",a. hessl
2935,"peterson, d. l.",d. peterson
2938,"arrigoni, a. s.",a. arrigoni
2938,"greenwood, m. c.",m. greenwood
2938,"moore, j. n.",j. moore
2945,"abatzoglou, j.",j. abatzoglou
2945,"ryu, j. h.",j. ryu
2945,"sohrabi, m. m.",m. sohrabi
2945,"tracy, j.",j. tracy
2959,"elsner, m. m.",m. elsner
2959,"hamlet, a. f.",a. hamlet
2959,"lettenmaier, d. p.",d. lettenmaier
2959,"mickelson, k. e. b.",k. mickelson
2959,"scott, m. j.",m. scott
2959,"stckle, c. o.",c. stckle
2959,"vano, j. a.",j. vano
2959,"voisin, n.",n. voisin
2965,"keeling, e. g.",e. keeling
2965,"sala, a.",a. sala
2966,"chang, h. j.",h. chang
2966,"gober, p.",p. gober
2966,"larson, k. l.",k. larson
2966,"polsky, c.",c. polsky
2966,"quay, r.",r. quay
2966,"shandas, v.",v. shandas
2973,"luckman, b. h.",b. luckman
2974,"hanson, j. d.",j. hanson
2974,"skiles, j. w.",j. skiles
2980,"bentz, b.",b. bentz
2980,"rgnire, j.",j. rgnire
2989,"boerner, r. e. j.",r. boerner
2989,"collins, b. m.",b. collins
2989,"dow, c. b.",c. dow
2989,"edminster, c.",c. edminster
2989,"fiedler, c. e.",c. fiedler
2989,"fry, d. l.",d. fry
2989,"hartsough, b. r.",b. hartsough
2989,"keeley, j. e.",j. keeley
2989,"knapp, e. e.",e. knapp
2989,"mciver, j. d.",j. mciver
2989,"moghaddas, e. e. y.",e. moghaddas
2989,"moghaddas, j. j.",j. moghaddas
2989,"skinner, c. n.",c. skinner
2989,"stephens, s. l.",s. stephens
2989,"youngblood, a.",a. youngblood
2990,"ayres, m. p.",m. ayres
2990,"hicke, j. a.",j. hicke
2990,"weed, a. s.",a. weed
3004,"gobena, a. k.",a. gobena
3012,"corn, p. s.",p. corn
3012,"hossack, b. r.",b. hossack
3012,"lowe, w. h.",w. lowe
3021,"debinski, d. m.",d. debinski
3021,"jakubauskas, m. e.",m. jakubauskas
3021,"kindscher, k.",k. kindscher
3022,"heyerdahl, e. k.",e. heyerdahl
3022,"morgan, p.",p. morgan
3022,"riser, j. p., ii",j. riser
3023,"gibson, c. e.",c. gibson
3023,"heyerdahl, e. k.",e. heyerdahl
3023,"morgan, p.",p. morgan
3034,"changnon, d.",d. changnon
3034,"changnon, s. a.",s. changnon
3038,"anderson, j. t.",j. anderson
3038,"lee, c. r.",c. lee
3038,"mitchell-olds, t.",t. mitchell-olds
3040,"bengtson, l. e.",l. bengtson
3040,"fagre, d.",d. fagre
3040,"pederson, g.",g. pederson
3040,"prato, t.",t. prato
3040,"williams, j. r.",j. williams
3040,"zeyuan, q.",q. zeyuan
3050,"hardy, m.",m. hardy
3050,"paveglio, t. b.",t. paveglio
3050,"prato, t.",t. prato
3061,"harner, m. j.",m. harner
3061,"hauer, f. r.",f. hauer
3061,"kimball, j. s.",j. kimball
3061,"lorang, m. s.",m. lorang
3061,"stanford, j. a.",j. stanford
3061,"whited, d. c.",d. whited
3064,"barr, j. g.",j. barr
3064,"black, a.",a. black
3064,"brown, m.",m. brown
3064,"engel, v.",v. engel
3064,"fuentes, j. d.",j. fuentes
3064,"goulden, m. l.",m. goulden
3064,"gckede, m.",m. gckede
3064,"law, b. e.",b. law
3064,"o'halloran, t. l.",t. o'halloran
3064,"schaaf, c.",c. schaaf
3064,"wang, z. s.",z. wang
3067,"west, n. e.",n. west
3067,"yorks, t. p.",t. yorks
3070,"hamann, a.",a. hamann
3070,"welsh, c.",c. welsh
3075,"benkman, c. w.",c. benkman
3075,"talluto, m. v.",m. talluto
3081,"adams, a. s.",a. adams
3081,"adams, s. m.",s. adams
3081,"aukema, b. h.",b. aukema
3081,"aylward, f. o.",f. aylward
3081,"currie, c. r.",c. currie
3081,"erbilgin, n.",n. erbilgin
3081,"raffa, k. f.",k. raffa
3081,"suen, g.",g. suen
3083,"davis, c.",c. davis
3083,"gross, j. e.",j. gross
3083,"haas, j.",j. haas
3083,"hansen, a. j.",a. hansen
3083,"monahan, w. b.",w. monahan
3083,"olliff, t.",t. olliff
3083,"piekielek, n.",n. piekielek
3083,"running, s. w.",s. running
3083,"theobald, d. m.",d. theobald
3085,"cho, j. p.",j. cho
3085,"clark, p. e.",p. clark
3085,"flerchinger, g. n.",g. flerchinger
3085,"hardegree, s. p.",s. hardegree
3085,"james, j. j.",j. james
3085,"jones, t. a.",t. jones
3085,"moffet, c. a.",c. moffet
3085,"pierson, f. b.",f. pierson
3085,"roundy, b. a.",b. roundy
3087,"peterson, b. e.",b. peterson
3087,"steenhof, k.",k. steenhof
3105,"alexander, j.",j. alexander
3105,"arvalo, j. r.",j. arvalo
3105,"cavieres, l. a.",l. cavieres
3105,"daehler, c. c.",c. daehler
3105,"dietz, h.",h. dietz
3105,"edwards, p. j.",p. edwards
3105,"guisan, a.",a. guisan
3105,"haider, s.",s. haider
3105,"jakobs, g.",g. jakobs
3105,"kueffer, c.",c. kueffer
3105,"mcdougall, k.",k. mcdougall
3105,"millar, c. i.",c. millar
3105,"naylor, b. j.",b. naylor
3105,"parks, c. g.",c. parks
3105,"pauchard, a.",a. pauchard
3105,"rew, l. j.",l. rew
3105,"seipel, t.",t. seipel
3111,"mckenzie, d.",d. mckenzie
3111,"peterson, d. l.",d. peterson
3111,"peterson, d. w.",d. peterson
3111,"thornton, p. e.",p. thornton
3128,"cooper, d. j.",d. cooper
3128,"hobbs, n. t.",n. hobbs
3128,"wolf, e. c.",e. wolf
3129,"debeer, c. m.",c. debeer
3129,"sharp, m. j.",m. sharp
3133,"cahl, d.",d. cahl
3133,"engstrom, d. r.",d. engstrom
3133,"pederson, g. t.",g. pederson
3133,"saros, j. e.",j. saros
3133,"schliep, a.",a. schliep
3133,"slemmons, k. e. h.",k. slemmons
3133,"spanbauer, t.",t. spanbauer
3133,"stone, j. r.",j. stone
3133,"williamson, c. e.",c. williamson
3168,"powell, e. n.",e. powell
3168,"raffa, k. f.",k. raffa
3168,"townsend, p. a.",p. townsend
3173,"pelto, m. s.",m. pelto
3174,"jakubos, b.",b. jakubos
3174,"romme, w. h.",w. romme
3175,"mattson, d. j.",d. mattson
3175,"pease, c. m.",c. pease
3178,"baril, l. m.",l. baril
3178,"hansen, a. j.",a. hansen
3178,"lawrence, r.",r. lawrence
3178,"renkin, r.",r. renkin
3180,"bartlein, p. j.",p. bartlein
3180,"shafer, s. l.",s. shafer
3180,"whitlock, c.",c. whitlock
3183,"kashian, d. m.",d. kashian
3183,"romme, w. h.",w. romme
3183,"ryan, m. g.",m. ryan
3183,"tinker, d. b.",d. tinker
3183,"turner, m. g.",m. turner
3186,"corn, p. s.",p. corn
3186,"honeycutt, r. k.",r. honeycutt
3186,"hossack, b. r.",b. hossack
3186,"lowe, w. h.",w. lowe
3186,"parks, s. a.",s. parks
3188,"bentz, b. j.",b. bentz
3188,"bracewell, r. r.",r. bracewell
3188,"mock, k. e.",k. mock
3188,"pfrender, m. e.",m. pfrender
3194,"franks, c. g.",c. franks
3194,"gill, k. m.",k. gill
3194,"pan, j.",j. pan
3194,"rood, s. b.",s. rood
3194,"samuelson, g. m.",g. samuelson
3194,"shepherd, a.",a. shepherd
3198,"derksen, c.",c. derksen
3198,"nelson, t. a.",t. nelson
3198,"seemann, d.",d. seemann
3198,"wulder, m. a.",m. wulder
3201,"flerchinger, g. n.",g. flerchinger
3201,"hanson, c. l.",c. hanson
3201,"murdock, m. d.",m. murdock
3201,"seyfried, m. s.",m. seyfried
3201,"vactor, s. van",s. vactor
3215,"halofsky, j.",j. halofsky
3215,"ripple, w.",w. ripple
3221,"frank, d. a.",d. frank
3226,"frank, d. a.",d. frank
3226,"jurgensen, m. f.",m. jurgensen
3226,"risch, a. c.",a. risch
3243,"debinski, d. m.",d. debinski
3243,"jakubauskas, m. e.",m. jakubauskas
3243,"vannimwegen, r. e.",r. vannimwegen
3249,"romme, w. h.",w. romme
3249,"schoennagel, t.",t. schoennagel
3249,"turner, m. g.",m. turner
3250,"kashian, d. m.",d. kashian
3250,"romme, w. h.",w. romme
3250,"ryan, m. g.",m. ryan
3250,"tinker, d. b.",d. tinker
3250,"turner, m. g.",m. turner
3262,"bentz, b. j.",b. bentz
3262,"logan, j. a.",j. logan
3281,"porter, w. p.",w. porter
3281,"ramankutty, n.",n. ramankutty
3281,"reichman, o. j.",o. reichman
3281,"sabo, j. l.",j. sabo
3281,"tracy, c. r.",c. tracy
3325,"kite, g. w.",g. kite
3341,"balling, r. c., jr.",r. balling
3341,"meyer, g. a.",g. meyer
3341,"wells, s. g.",s. wells
3348,"cooley, k. r.",k. cooley
3350,"sprugel, d. g.",d. sprugel
3353,"frank, d. a.",d. frank
3353,"risch, a. c.",a. risch
3368,"mori, a. s.",a. mori
3372,"barnhart, b. l.",b. barnhart
3372,"ficklin, d. l.",d. ficklin
3372,"knouft, j. h.",j. knouft
3372,"letsinger, s. l.",s. letsinger
3372,"maurer, e. p.",e. maurer
3372,"stewart, i. t.",i. stewart
3372,"whittaker, g. w.",g. whittaker
3373,"callahan, b.",b. callahan
3373,"fluharty, d.",d. fluharty
3373,"hamlet, a. f.",a. hamlet
3373,"miles, e. l.",e. miles
3373,"snover, a. k.",a. snover
3374,"al-chokhachy, r.",r. al-chokhachy
3374,"dehaan, p. w.",p. dehaan
3374,"hand, b. k.",b. hand
3374,"kovach, r. p.",r. kovach
3374,"luikart, g.",g. luikart
3374,"muhlfeld, c. c.",c. muhlfeld
3374,"wade, a. a.",a. wade
3374,"whited, d. c.",d. whited
3375,"mote, p. w.",p. mote
3376,"ficklin, d. l.",d. ficklin
3376,"letsinger, s. l.",s. letsinger
3376,"maurer, e. p.",e. maurer
3376,"stewart, i. t.",i. stewart
3378,"archie, k. m.",k. archie
3378,"dilling, l.",l. dilling
3378,"milford, j. b.",j. milford
3378,"pampel, f. c.",f. pampel
3379,"ghan, s. j.",s. ghan
3379,"leung, l. r.",l. leung
3379,"qian, y.",y. qian
3380,"benjankar, r.",r. benjankar
3380,"egger, g.",g. egger
3380,"gill, k. m.",k. gill
3380,"lautsch, e.",e. lautsch
3380,"politti, e.",e. politti
3380,"rood, s. b.",s. rood
3381,"johnson, a. c.",a. johnson
3381,"yeakley, j. a.",j. yeakley
3382,"coops, n. c.",n. coops
3382,"holmes, k. r.",k. holmes
3382,"nelson, t. a.",t. nelson
3382,"wulder, m. a.",m. wulder
3384,"campbell, j. l.",j. campbell
3384,"shinneman, d. j.",d. shinneman
3386,"kulakowski, d.",d. kulakowski
3386,"mietkiewicz, n.",n. mietkiewicz
3390,"beechie, t.",t. beechie
3390,"greene, j.",j. greene
3390,"imaki, h.",h. imaki
3390,"kiffney, p.",p. kiffney
3390,"kimball, j.",j. kimball
3390,"mantua, n.",n. mantua
3390,"pess, g.",g. pess
3390,"roni, p.",p. roni
3390,"stanford, j.",j. stanford
3390,"wade, a.",a. wade
3390,"wu, h.",h. wu
3391,"bunnell, f. l.",f. bunnell
3391,"kremsater, l. l.",l. kremsater
3391,"wells, r. w.",r. wells
3392,"benkman, c. w.",c. benkman
3393,"parkins, j. r.",j. parkins
3395,"huggel, c.",c. huggel
3395,"muccione, v.",v. muccione
3395,"salzmann, n.",n. salzmann
3396,"hopkins, k.",k. hopkins
3396,"konkin, d.",d. konkin
3398,"praskievicz, s.",s. praskievicz
3404,"clark, g. m.",g. clark
3405,"burleigh, j.",j. burleigh
3405,"heppner, d.",d. heppner
3405,"kope, h. h.",h. kope
3405,"maclauchlan, l.",l. maclauchlan
3405,"woods, a. j.",a. woods
3406,"anderegg, l. d. l.",l. anderegg
3406,"breckheimer, i.",i. breckheimer
3406,"burns, k. m.",k. burns
3406,"ettinger, a. k.",a. ettinger
3406,"ford, k. r.",k. ford
3406,"franklin, j. f.",j. franklin
3406,"freund, j. a.",j. freund
3406,"kroiss, s. j.",s. kroiss
3406,"lambers, j. h. r.",j. lambers
3408,"donato, d. c.",d. donato
3408,"harvey, b. j.",b. harvey
3408,"turner, m. g.",m. turner
3411,"abatzoglou, j. t.",j. abatzoglou
3411,"fox, f. a.",f. fox
3411,"huggins, d.",d. huggins
3411,"sharratt, b. s.",b. sharratt
3411,"tatarko, j.",j. tatarko
3421,"heineman, j. l.",j. heineman
3421,"mather, w. j.",w. mather
3421,"sachs, d. l.",d. sachs
3421,"simard, s. w.",s. simard
3422,"fagre, d. b.",d. fagre
3422,"malanson, g. p.",g. malanson
3422,"zimmerman, d. l.",d. zimmerman
3429,"burton, p. j.",p. burton
3441,"abatzoglou, j. t.",j. abatzoglou
3441,"buotte, p. c.",p. buotte
3441,"hicke, j. a.",j. hicke
3441,"logan, j. a.",j. logan
3441,"preisler, h. k.",h. preisler
3441,"raffa, k. f.",k. raffa
3442,"iachetti, p.",p. iachetti
3445,"groce, m. c.",m. groce
3445,"horan, d. l.",d. horan
3445,"isaak, d. j.",d. isaak
3445,"nagel, d. e.",d. nagel
3445,"young, m. k.",m. young
3446,"hamlet, a.",a. hamlet
3446,"mote, p.",p. mote
3446,"salath, e.",e. salath
3448,"abatzoglou, j. t.",j. abatzoglou
3448,"flerchinger, g. n.",g. flerchinger
3448,"hudak, a. t.",a. hudak
3448,"kavanagh, k. l.",k. kavanagh
3448,"link, t. e.",t. link
3448,"marshall, j. d.",j. marshall
3448,"pangle, r. e.",r. pangle
3449,"hart, s. c.",s. hart
3449,"perry, d. a.",d. perry
3451,"arogundade, a. b.",a. arogundade
3451,"hamilton, j.",j. hamilton
3451,"qualls, r. j.",r. qualls
3451,"taylor, r. g.",r. taylor
3454,"mckenzie, d.",d. mckenzie
3454,"peterson, d. l.",d. peterson
3454,"peterson, d. w.",d. peterson
3457,"akbarabadi, m.",m. akbarabadi
3457,"piri, m.",m. piri
3462,"ettl, g. j.",g. ettl
3462,"marcinkowski, k.",k. marcinkowski
3462,"peterson, d. l.",d. peterson
3465,"mckay, s.",s. mckay
3465,"peterson, d. l.",d. peterson
3465,"sanscrainte, c. l.",c. sanscrainte
3467,"langdon, j. g. r.",j. langdon
3467,"lawler, j. j.",j. lawler
3476,"antos, j. a.",j. antos
3476,"halpern, c. b.",c. halpern
3476,"haugo, r. d.",r. haugo
3476,"lang, n. l.",n. lang
3476,"rice, j. m.",j. rice
3483,"zhao, f. a.",f. zhao
3483,"zhao, f. r.",f. zhao
3487,"bradley, t.",t. bradley
3487,"cathro, j.",j. cathro
3487,"mulkey, s.",s. mulkey
3490,"lewis, d.",d. lewis
3492,"mcnay, r. s.",r. mcnay
3492,"morgan, d. g.",d. morgan
3492,"sutherland, g.",g. sutherland
3494,"pelto, m. s.",m. pelto
3499,"minshall, g. w.",g. minshall
3499,"rugenski, a. t.",a. rugenski
3502,"santos, c. a. c. dos",c. santos
3504,"delong, c.",c. delong
3504,"meidinger, d.",d. meidinger
3510,"dobrowski, s.",s. dobrowski
3510,"hahn, b.",b. hahn
3510,"holden, z. a.",z. holden
3510,"kasworm, w. f.",w. kasworm
3510,"servheen, c.",c. servheen
3511,"cronn, r.",r. cronn
3511,"jennings, t. n.",t. jennings
3511,"scelfo-dalbey, c.",c. scelfo-dalbey
3511,"syring, j. v.",j. syring
3511,"tennessen, j. a.",j. tennessen
3511,"wegrzyn, j.",j. wegrzyn
3514,"barker, b. l.",b. barker
3514,"schaefer, m. g.",m. schaefer
3514,"taylor, g. h.",g. taylor
3514,"wallis, j. r.",j. wallis
3515,"leung, l. r.",l. leung
3515,"wigmosta, m. s.",m. wigmosta
3518,"bailey, j. d.",j. bailey
3518,"harrington, c. a.",c. harrington
3519,"loukas, a.",a. loukas
3519,"quick, m. c.",m. quick
3529,"ettl, g. j.",g. ettl
3529,"kusnierczyk, e. r.",e. kusnierczyk
3534,"chandler, d. g.",d. chandler
3534,"mcnamara, j. p.",j. mcnamara
3534,"williams, c. j.",c. williams
3535,"biondi, f.",f. biondi
3536,"crandall, k. a.",k. crandall
3536,"egan, a. n.",a. egan
3539,"hessl, a. e.",a. hessl
3539,"peterson, d. l.",d. peterson
3541,"littell, j. s.",j. littell
3541,"peterson, d. l.",d. peterson
3546,"bunting, s. c.",s. bunting
3546,"kingery, j. l.",j. kingery
3546,"schroeder, m. a.",m. schroeder
3550,"hay, l. e.",l. hay
3550,"leavesley, g. h.",g. leavesley
3550,"wilby, r. l.",r. wilby
3552,"bassman, j. h.",j. bassman
3552,"dobrowolski, j. p.",j. dobrowolski
3552,"fins, l.",l. fins
3552,"johnson, j. d.",j. johnson
3559,"marshall, j. d.",j. marshall
3559,"monserud, r. a.",r. monserud
3566,"martinec, j.",j. martinec
3566,"rango, a.",a. rango
3568,"hanson, c. l.",c. hanson
3576,"panek, j. a.",j. panek
3576,"waring, r. h.",r. waring
3577,"martinec, j.",j. martinec
3577,"rango, a.",a. rango
